0.0,0.0,0.6452,0.0,0.0,0.2128,0.0,0.0,0.2541,0.0,0.3633,0.6377,0.0,0.0,0.0,0.0,0.0,0.0,0.0,0.0,0.0,1.0,0.0,0.0,0.0,0.0,1.0
0.0,0.0,0.0,0.0,0.2501,0.0,0.0,0.0,0.0,0.0,0.6015,0.5597,0.8524,0.0,0.0,0.373,0.0056,0.0513,0.0,0.0,0.0,1.0,0.0,0.0,1.0,0.0,0.0
0.0,0.0,0.0,0.0,0.0,0.0,0.0,0.6697,0.0,0.1237,0.159,0.0,0.0,0.0,0.0,0.0,0.0,0.0,0.0,0.0,0.0,1.0,1.0,1.0,0.0,0.0,1.0
0.0,0.0,0.0,0.0,0.0,0.0,0.0,0.0,0.0498,0.1127,0.0,0.0,0.0,0.0,0.0,0.0,0.722,0.4733,0.0,0.0,0.1975,1.0,1.0,0.0,0.0,1.0,0.0
0.0,0.0,0.0,0.9254,0.0,0.8091,0.0,0.0,0.0,0.0,0.0,0.0,0.0,0.3193,0.0,0.1668,0.8959,0.1814,0.0307,0.0,0.0,0.0,0.0,0.0,1.0,1.0,0.0
0.0,0.0,0.0,0.0,0.0,0.0,0.0,0.0,0.0,0.0,0.0,0.0,0.0,0.0,0.0,0.0,0.0,0.0,0.0,0.0,0.0,1.0,1.0,1.0,1.0,1.0,1.0
0.0,0.0,0.0,0.0,0.0,0.0766,0.0748,0.3051,0.0,0.0,0.0,0.7876,0.7922,0.9413,0.6694,0.8194,0.0,0.0,0.0,0.0,0.0,1.0,1.0,0.0,0.0,0.0,0.0
0.0,0.0,0.0,0.9136,0.1013,0.7403,0.0,0.0,0.1471,0.0,0.0,0.0,0.0,0.7662,0.0,0.0,0.0,0.1498,0.0,0.0,0.0,1.0,0.0,0.0,0.0,1.0,0.0
0.0,0.0,0.6364,0.0,0.0,0.0,0.0,0.2778,0.1416,0.0,0.496,0.0,0.0,0.0,0.6574,0.008,0.69,0.0,0.0794,0.0,0.5268,0.0,0.0,1.0,0.0,0.0,0.0
0.0,0.0,0.0,0.0,0.0,0.0,0.0,0.0,0.0,0.0,0.0,0.0,0.0,0.0,0.0,0.0,0.0,0.0,0.0,0.0,0.0,1.0,1.0,1.0,1.0,1.0,1.0
0.0,0.0,0.0,0.0,0.0,0.0,0.0,0.0,0.0,0.0,0.0,0.0,0.0,0.0,0.0,0.0,0.0,0.0,0.0,0.0,0.0,1.0,1.0,1.0,1.0,1.0,1.0
0.0,0.0,0.0,0.0,0.0,0.8561,0.0257,0.5248,0.326,0.0,0.0,0.0,0.0,0.7087,0.0,0.0,0.0,0.5013,0.0,0.0,0.0,1.0,1.0,0.0,0.0,0.0,0.0
0.0,0.0,0.0,0.0,0.0,0.0674,0.0,0.0,0.0,0.0,0.0899,0.0,0.7486,0.8976,0.0,0.0,0.5012,0.0,0.7737,0.256,0.5899,1.0,1.0,0.0,1.0,0.0,0.0
0.0,0.0,0.0,0.0,0.8465,0.0,0.1829,0.5148,0.0897,0.0,0.0,0.0,0.0,0.0,0.0,0.0,0.0,0.0,0.0,0.0,0.0,0.0,1.0,0.0,0.0,1.0,1.0
0.0,0.2444,0.6193,0.0,0.0,0.0,0.3365,0.0,0.0,0.1535,0.0,0.0,0.0,0.0,0.0,0.0,0.0,0.0,0.0,0.0,0.0,0.0,0.0,1.0,0.0,1.0,1.0
0.0,0.0,0.2356,0.3696,0.3049,0.0238,0.0,0.0,0.254,0.0,0.0,0.0,0.0,0.0,0.0,0.4477,0.8099,0.0,0.0,0.7678,0.0,0.0,0.0,0.0,0.0,1.0,0.0
0.0,0.0,0.0,0.0,0.0,0.0,0.0,0.0,0.0,0.0,0.0,0.0,0.0,0.0,0.0,0.0,0.0,0.0,0.0,0.0,0.0,1.0,1.0,1.0,1.0,1.0,1.0
0.0,0.0,0.7046,0.0,0.1275,0.0,0.0,0.0,0.0,0.0,0.5952,0.0,0.0,0.0,0.0,0.9843,0.3533,0.2801,0.2543,0.0,0.0,0.0,0.0,0.0,1.0,0.0,0.0
0.0,0.0,0.0,0.0,0.0,0.0,0.8066,0.3351,0.7843,0.8638,0.0,0.0,0.0,0.5992,0.0113,0.0,0.0,0.0,0.8866,0.0,0.0,1.0,0.0,0.0,0.0,0.0,0.0
0.0,0.0,0.0,0.0,0.0,0.0,0.0,0.0,0.0,0.0,0.0,0.0,0.0,0.8939,0.1782,0.3452,0.0,0.3653,0.5712,0.0,0.0,1.0,1.0,1.0,1.0,1.0,0.0
0.0,0.0,0.0,0.0,0.0,0.0,0.0,0.0,0.0,0.0,0.0,0.0,0.0,0.0,0.0,0.0,0.0,0.0,0.0,0.0,0.0,1.0,1.0,1.0,1.0,1.0,1.0
0.0,0.0,0.0,0.0,0.0,0.7973,0.764,0.1505,0.0,0.326,0.0,0.0,0.0,0.0,0.0,0.0,0.0,0.0,0.0,0.0,0.0,1.0,1.0,0.0,0.0,1.0,1.0
0.0,0.0,0.0,0.0,0.0,0.0,0.0,0.0,0.0,0.0,0.0,0.0,0.0,0.0,0.0,0.0,0.0,0.0,0.0,0.0,0.0,0.0,1.0,1.0,1.0,0.0,1.0
0.0,0.0,0.0,0.0,0.2837,0.1943,0.0,0.0,0.0,0.0,0.2509,0.0,0.0,0.0,0.0,0.0,0.0,0.0,0.0,0.0,0.0,1.0,1.0,0.0,1.0,0.0,1.0
0.0,0.0,0.0,0.0,0.0,0.0,0.0,0.0,0.0,0.0,0.0,0.3276,0.424,0.0,0.0,0.0,0.0,0.0,0.0,0.0,0.0,1.0,1.0,1.0,1.0,0.0,1.0
0.0981,0.6682,0.6398,0.3827,0.0,0.0,0.0,0.0,0.0,0.0,0.0,0.0,0.0069,0.0,0.3702,0.0,0.0,0.0,0.6657,0.0,0.0,0.0,0.0,1.0,1.0,0.0,0.0
0.0,0.6982,0.0,0.0,0.0,0.0,0.0,0.0,0.0,0.0,0.3984,0.1671,0.0,0.0233,0.9893,0.0275,0.0,0.0,0.0,0.1334,0.0,0.0,0.0,1.0,1.0,0.0,0.0
0.0,0.0,0.0,0.0,0.0,0.0,0.6064,0.1736,0.3626,0.0722,0.0,0.0301,0.1363,0.0,0.0,0.0,0.0,0.0,0.0,0.0,0.0,1.0,1.0,0.0,0.0,0.0,1.0
0.0,0.0,0.0,0.0,0.0,0.0,0.0,0.0,0.0,0.0,0.0,0.0,0.0,0.0,0.0,0.0,0.0,0.0,0.0,0.0,0.0,1.0,1.0,1.0,1.0,1.0,1.0
0.0,0.0,0.0,0.0,0.0,0.0,0.0,0.0,0.0,0.0,0.0,0.0,0.0,0.0,0.0,0.0,0.0,0.0,0.0,0.0,0.0,1.0,1.0,1.0,1.0,1.0,1.0
0.0,0.0,0.3897,0.0,0.0,0.0,0.0,0.0,0.0,0.0,0.1211,0.2262,0.5561,0.0,0.0,0.1091,0.0704,0.5009,0.0,0.2074,0.0,1.0,0.0,1.0,1.0,0.0,0.0
0.7391,0.8099,0.0,0.2361,0.0,0.0,0.6606,0.0,0.0,0.0,0.0,0.3486,0.0,0.0,0.0,0.0,0.0,0.0,0.1778,0.0,0.585,0.0,0.0,1.0,0.0,0.0,0.0
0.0,0.0,0.0507,0.0,0.7036,0.0,0.0,0.0,0.0,0.0,0.0,0.0,0.6022,0.0,0.6585,0.2879,0.0,0.776,0.6028,0.0332,0.8293,1.0,0.0,0.0,1.0,0.0,0.0
0.0,0.0,0.485,0.6324,0.729,0.2996,0.6633,0.9731,0.0,0.0,0.9003,0.9966,0.1374,0.0,0.0,0.0729,0.0,0.4161,0.703,0.4286,0.0,1.0,0.0,0.0,0.0,0.0,0.0
0.0,0.5511,0.0,0.0,0.4664,0.0,0.0,0.0,0.0,0.5889,0.0,0.0,0.0,0.0,0.9177,0.5673,0.0,0.0,0.0,0.0,0.3969,0.0,1.0,0.0,0.0,1.0,0.0
0.0,0.0,0.0,0.0,0.0,0.0,0.0,0.0,0.0,0.0,0.0,0.0,0.0,0.0,0.0,0.0,0.0,0.0,0.0,0.0,0.0,1.0,1.0,1.0,1.0,1.0,1.0
0.0,0.0,0.0,0.0344,0.0,0.0,0.0,0.0,0.0,0.0,0.8151,0.0,0.8751,0.3308,0.0,0.0,0.0,0.0,0.0,0.0,0.5883,1.0,0.0,1.0,1.0,0.0,0.0
0.0,0.0,0.0,0.1623,0.0,0.0,0.0,0.0,0.0,0.0,0.0,0.0,0.0,0.7576,0.0,0.6578,0.0,0.0177,0.0,0.0,0.5226,1.0,0.0,1.0,1.0,1.0,0.0
0.0,0.6206,0.0,0.0,0.0,0.0,0.0,0.0,0.0,0.0,0.0,0.0,0.0,0.9501,0.5765,0.7467,0.0,0.0,0.0,0.0,0.9872,0.0,1.0,0.0,1.0,1.0,0.0
0.0,0.0,0.0,0.0,0.0,0.0,0.0,0.0,0.0,0.0,0.0,0.0,0.0,0.0,0.0,0.0,0.0,0.0,0.0,0.0,0.0,1.0,1.0,1.0,1.0,1.0,1.0
0.0,0.0,0.0,0.0,0.0,0.1023,0.0,0.0,0.0,0.0,0.0,0.0,0.0,0.5555,0.0,0.4996,0.9841,0.0498,0.8383,0.0,0.0,0.0,1.0,0.0,1.0,1.0,0.0
0.0,0.0,0.0,0.6494,0.0,0.0,0.0,0.8282,0.4142,0.0,0.9856,0.0835,0.681,0.4884,0.0,0.0743,0.4784,0.8775,0.544,0.0,0.0,1.0,0.0,1.0,0.0,0.0,0.0
0.036,0.4819,0.0,0.0,0.0,0.0,0.0,0.0,0.0,0.0,0.0,0.0,0.0,0.0,0.0,0.0,0.0,0.0,0.0,0.0,0.0,0.0,1.0,0.0,1.0,1.0,1.0
0.0,0.0,0.0,0.0,0.0,0.0,0.0,0.0,0.0,0.0,0.0,0.0,0.0,0.0,0.0,0.0,0.0,0.0,0.0,0.0,0.0,1.0,1.0,1.0,1.0,1.0,1.0
0.0,0.0,0.0,0.0,0.0,0.0,0.9852,0.0,0.4324,0.3856,0.4164,0.6904,0.1105,0.0,0.3753,0.6636,0.0,0.0,0.25,0.8759,0.33,1.0,1.0,1.0,0.0,0.0,0.0
0.2383,0.0,0.4186,0.2159,0.0,0.0,0.0,0.0,0.0,0.0,0.0,0.0,0.0,0.0,0.0,0.0,0.5119,0.0,0.7607,0.0,0.9405,0.0,0.0,1.0,1.0,0.0,0.0
0.8859,0.0,0.0,0.0,0.0,0.0,0.0,0.0,0.0,0.0,0.8702,0.6937,0.0,0.0,0.0,0.0,0.0,0.0,0.0,0.0,0.0,0.0,1.0,1.0,1.0,0.0,1.0
0.0,0.0,0.0,0.0,0.0,0.0,0.0,0.0,0.0,0.0,0.0,0.0,0.0,0.0,0.0,0.0,0.0,0.0,0.0,0.0,0.0,1.0,1.0,1.0,1.0,1.0,1.0
0.0,0.0,0.0,0.0,0.0,0.0,0.0,0.0,0.0,0.0,0.0,0.0,0.0,0.0,0.0,0.0,0.0,0.0,0.0,0.0,0.0,1.0,1.0,1.0,1.0,1.0,1.0
0.0,0.0,0.0,0.0,0.0,0.0,0.0,0.0,0.0,0.0,0.0,0.0,0.0,0.0,0.0,0.0,0.0,0.0,0.0,0.0,0.0,1.0,1.0,1.0,1.0,1.0,1.0
0.0,0.0,0.0,0.0,0.0,0.0,0.0,0.0,0.0,0.0,0.0,0.0,0.0,0.0,0.0,0.0,0.1354,0.0,0.4357,0.0,0.2999,1.0,1.0,1.0,1.0,1.0,0.0
0.0,0.0,0.0,0.0,0.0,0.0,0.0,0.0,0.0,0.0,0.0,0.0,0.0,0.0,0.0,0.0,0.0,0.0,0.0,0.0,0.0,1.0,1.0,1.0,1.0,1.0,1.0
0.0,0.0,0.0,0.0,0.0,0.0,0.0,0.1021,0.0,0.0109,0.3788,0.7581,0.0,0.0,0.0,0.8401,0.0,0.0,0.0,0.1672,0.7504,1.0,1.0,0.0,0.0,0.0,0.0
0.0047,0.144,0.0,0.0,0.0,0.0,0.0,0.0,0.0,0.1825,0.0,0.0,0.0,0.0,0.0,0.0,0.0,0.0,0.8143,0.0,0.0,0.0,1.0,1.0,0.0,0.0,0.0
0.0,0.0,0.0,0.7109,0.0,0.0,0.0,0.0,0.0,0.0,0.6608,0.3413,0.4275,0.0,0.0,0.0,0.0,0.0,0.0,0.0,0.0,1.0,0.0,0.0,1.0,0.0,1.0
0.2511,0.0,0.0,0.0,0.2693,0.0,0.0,0.0,0.0,0.0,0.0,0.0,0.0,0.0,0.0,0.0,0.1627,0.0,0.3562,0.0,0.0,0.0,0.0,0.0,1.0,1.0,0.0
0.0,0.0,0.0,0.0,0.0,0.0,0.0,0.0,0.0,0.0,0.0,0.0,0.0,0.0,0.0,0.0,0.0,0.0,0.0,0.0,0.0,1.0,1.0,1.0,1.0,1.0,1.0
0.639,0.797,0.0,0.0,0.4668,0.9395,0.0,0.0,0.0,0.0,0.0,0.0,0.0,0.6823,0.0,0.5171,0.387,0.1271,0.9209,0.4484,0.0,0.0,0.0,0.0,1.0,1.0,0.0
0.0,0.0,0.0,0.0,0.0,0.0,0.0,0.0,0.0,0.0,0.0,0.0,0.0,0.0,0.0,0.0,0.0,0.0,0.0,0.0,0.0,1.0,1.0,1.0,1.0,1.0,1.0
0.0,0.0,0.0,0.0,0.752,0.2325,0.0,0.6945,0.0,0.8785,0.7221,0.0,0.0016,0.0,0.0,0.0,0.0,0.0,0.0,0.0,0.0,1.0,1.0,0.0,0.0,0.0,1.0
0.042,0.7514,0.0,0.6565,0.0,0.0,0.0,0.0,0.0,0.0,0.0,0.0,0.0,0.0,0.0,0.0,0.0,0.0,0.0,0.0,0.0,0.0,0.0,1.0,1.0,1.0,1.0
0.0,0.0,0.0,0.3388,0.5425,0.9583,0.0,0.0,0.0,0.3653,0.0,0.0,0.0,0.0,0.0,0.0,0.0,0.0,0.0,0.0,0.0,1.0,0.0,0.0,0.0,0.0,1.0
0.0,0.2096,0.0,0.0,0.0,0.0,0.0,0.0,0.0,0.0,0.0,0.0,0.0,0.0,0.0,0.0,0.0,0.0,0.0,0.0,0.0,0.0,1.0,1.0,1.0,1.0,1.0
0.0,0.0,0.0,0.0,0.0,0.0,0.0,0.2207,0.3864,0.6237,0.7039,0.6414,0.0538,0.0,0.2865,0.0828,0.0,0.2721,0.3994,0.0,0.9708,0.0,0.0,1.0,0.0,0.0,0.0
0.0,0.913,0.0,0.0,0.0,0.0,0.0,0.0983,0.0,0.1142,0.0,0.0,0.0,0.0,0.0,0.0,0.0,0.0,0.0,0.0,0.0,0.0,0.0,0.0,0.0,1.0,1.0
0.2148,0.7937,0.0,0.0,0.0,0.0,0.0,0.0,0.0,0.0,0.0,0.0,0.0,0.0,0.0,0.0,0.0,0.0,0.0,0.0,0.0,0.0,1.0,1.0,1.0,1.0,1.0
0.0,0.0,0.0,0.0,0.0,0.0,0.0,0.0,0.0,0.0,0.0,0.0,0.0,0.0,0.0,0.0,0.0,0.0,0.0,0.0,0.0,1.0,1.0,1.0,1.0,1.0,1.0
0.7377,0.0,0.0,0.5115,0.0,0.1702,0.0,0.0,0.0,0.771,0.0,0.0,0.0,0.0,0.2759,0.0,0.0,0.834,0.4155,0.5084,0.0,0.0,0.0,0.0,0.0,1.0,0.0
0.0,0.0,0.9515,0.0,0.8315,0.0,0.0,0.0,0.0,0.0,0.0,0.0,0.0,0.0,0.0,0.0,0.0,0.0,0.0,0.0,0.0,1.0,0.0,0.0,1.0,1.0,1.0
0.0,0.0,0.0,0.0,0.0,0.0,0.0,0.0,0.0,0.0,0.5773,0.0,0.9837,0.0,0.0,0.0,0.0,0.0,0.0,0.0,0.0,1.0,1.0,0.0,1.0,0.0,1.0
0.0,0.0,0.0,0.882,0.0,0.0,0.0,0.0,0.0,0.0,0.0,0.0,0.0,0.0,0.0,0.0,0.0,0.0,0.0,0.0,0.0,1.0,0.0,1.0,1.0,1.0,1.0
0.4903,0.0,0.0,0.0,0.0,0.0,0.0,0.0,0.0,0.0,0.9133,0.0,0.0,0.9386,0.0,0.3915,0.0,0.7784,0.0197,0.0,0.9345,0.0,1.0,1.0,1.0,0.0,0.0
0.0,0.0,0.5361,0.0,0.0,0.0,0.1898,0.0,0.0,0.0,0.0,0.0,0.0,0.7526,0.0,0.0,0.9323,0.0,0.0,0.0,0.559,1.0,0.0,1.0,0.0,1.0,0.0
0.9424,0.0,0.2504,0.2792,0.0511,0.0343,0.0,0.0,0.0,0.3888,0.0,0.0,0.0,0.0,0.0,0.0,0.0,0.0,0.0,0.0,0.0,0.0,0.0,0.0,0.0,0.0,1.0
0.247,0.2074,0.223,0.0,0.5716,0.8119,0.0,0.1158,0.0,0.9285,0.9839,0.6399,0.2834,0.0,0.0,0.0,0.0,0.0,0.0,0.0,0.0,0.0,0.0,0.0,0.0,0.0,1.0
0.0,0.0,0.0,0.0,0.4923,0.8354,0.0,0.4387,0.8664,0.0,0.6739,0.0,0.6234,0.0,0.0,0.0,0.0,0.0,0.0,0.0,0.0,1.0,1.0,0.0,0.0,0.0,1.0
0.0,0.0,0.7241,0.0827,0.0,0.0,0.0,0.0,0.0,0.0,0.0,0.0,0.0,0.0,0.0,0.3811,0.0,0.0,0.0,0.2872,0.0,1.0,0.0,1.0,1.0,1.0,0.0
0.0,0.0,0.0959,0.0,0.0,0.0,0.3913,0.3271,0.0,0.0,0.0,0.0,0.0,0.0,0.0,0.0,0.0,0.0,0.0,0.0,0.0,0.0,0.0,0.0,0.0,1.0,1.0
0.0,0.0,0.0,0.0,0.0,0.0,0.0,0.0,0.0,0.0,0.0,0.0,0.0,0.0,0.0,0.0,0.0,0.0,0.0,0.0,0.0,1.0,1.0,1.0,1.0,1.0,1.0
0.0,0.0,0.0,0.0,0.0,0.0,0.0,0.0,0.0,0.0,0.8479,0.0,0.6143,0.0,0.0,0.0,0.0,0.0,0.0,0.0,0.0,1.0,1.0,1.0,1.0,0.0,1.0
0.0,0.0,0.0,0.0,0.0,0.0,0.0,0.5741,0.0,0.0,0.4526,0.0,0.0,0.0,0.0,0.0,0.0,0.0,0.0,0.0,0.0,1.0,1.0,1.0,0.0,0.0,1.0
0.7991,0.0,0.5826,0.0,0.0,0.0,0.3684,0.793,0.0,0.0,0.8692,0.6424,0.875,0.0,0.0,0.0,0.0,0.8692,0.0,0.0,0.8835,0.0,0.0,1.0,0.0,0.0,0.0
0.0,0.0,0.0,0.0,0.0,0.0,0.0,0.0,0.0,0.0,0.0,0.0,0.0,0.0,0.0,0.0,0.0,0.0,0.0,0.0,0.0,1.0,1.0,1.0,1.0,1.0,1.0
0.0,0.0,0.3541,0.0,0.0,0.0,0.0,0.0,0.0,0.0,0.0,0.0,0.0,0.0,0.0,0.0,0.0,0.0,0.0,0.0,0.0,1.0,0.0,1.0,1.0,1.0,1.0
0.4325,0.0,0.2503,0.0,0.3141,0.4,0.0,0.0,0.1774,0.0,0.0,0.0,0.0,0.0832,0.1794,0.0,0.0,0.0,0.0,0.5326,0.0181,0.0,0.0,0.0,0.0,1.0,0.0
0.0,0.8159,0.0,0.0,0.0,0.0,0.0,0.0,0.0,0.0,0.9141,0.8026,0.2173,0.0,0.0307,0.0,0.3255,0.1697,0.9171,0.9658,0.8276,0.0,1.0,1.0,1.0,0.0,0.0
0.0,0.0,0.6456,0.426,0.0,0.0,0.0,0.0,0.0,0.0,0.7165,0.4414,0.0,0.0,0.0,0.8749,0.5515,0.5304,0.0,0.0,0.9279,1.0,0.0,1.0,1.0,0.0,0.0
0.0,0.0,0.0,0.0,0.0,0.0,0.0,0.0,0.0,0.0,0.9682,0.0,0.5669,0.0,0.0,0.0,0.0,0.0,0.0,0.0,0.0,1.0,1.0,1.0,1.0,0.0,1.0
0.0,0.0,0.0,0.0,0.0,0.0,0.0,0.0,0.0,0.0,0.2151,0.214,0.0,0.0,0.0,0.0,0.0,0.0,0.0,0.0,0.0,1.0,1.0,1.0,1.0,0.0,1.0
0.0,0.0,0.0,0.0,0.0,0.0,0.0,0.0,0.0,0.0,0.0,0.0,0.0,0.0,0.0,0.0,0.0,0.0,0.0,0.0,0.0,1.0,1.0,1.0,1.0,1.0,1.0
0.0,0.0,0.0,0.2175,0.0,0.0,0.0,0.9437,0.0,0.5136,0.0,0.0,0.0,0.3896,0.0,0.0,0.0,0.9643,0.7798,0.0,0.0,1.0,0.0,1.0,0.0,1.0,0.0
0.0,0.0,0.0,0.0,0.2386,0.5453,0.0,0.8926,0.0,0.0,0.3867,0.8534,0.0,0.0,0.0,0.0,0.0,0.0,0.0,0.0,0.0,1.0,1.0,0.0,0.0,0.0,1.0
0.0,0.0,0.0,0.0,0.0,0.0,0.0,0.0,0.0,0.0,0.0,0.0,0.0,0.3234,0.0,0.0499,0.4801,0.0,0.0,0.6956,0.2146,1.0,1.0,1.0,1.0,1.0,0.0
0.0,0.0,0.0,0.3685,0.0,0.0,0.0,0.0,0.5121,0.0,0.0,0.0,0.0,0.3096,0.0,0.0,0.0,0.0,0.0,0.1745,0.8607,1.0,0.0,1.0,0.0,1.0,0.0
0.0,0.6843,0.0,0.0,0.0,0.0,0.0,0.0,0.8726,0.0,0.0,0.0,0.0,0.0,0.0,0.0,0.0,0.0,0.0,0.0,0.0,0.0,0.0,0.0,0.0,1.0,1.0
0.7609,0.8389,0.0,0.0,0.0,0.0,0.0,0.0,0.0,0.3503,0.0,0.0,0.0,0.0,0.0,0.0,0.0,0.0,0.0,0.0,0.0,0.0,1.0,1.0,0.0,1.0,1.0
0.0,0.0,0.0,0.0,0.3908,0.628,0.0,0.0,0.0,0.0,0.2798,0.898,0.6139,0.0,0.0,0.0,0.0,0.0,0.0,0.0,0.0,1.0,1.0,0.0,1.0,0.0,1.0
0.2667,0.4574,0.9479,0.4217,0.0,0.0,0.0,0.0,0.0,0.0,0.5059,0.8409,0.0,0.0,0.0,0.0,0.0,0.0,0.0,0.0,0.0,0.0,0.0,0.0,1.0,0.0,1.0
0.0,0.0,0.0,0.0,0.0241,0.8469,0.0,0.0,0.0,0.0,0.582,0.0,0.0,0.0,0.0,0.5743,0.4531,0.0,0.1381,0.0,0.9026,1.0,1.0,0.0,1.0,0.0,0.0
0.0,0.0,0.0,0.0,0.0,0.0,0.0,0.0,0.0,0.0,0.0,0.0,0.0,0.0,0.0,0.0,0.0,0.0,0.0,0.0,0.0,1.0,1.0,1.0,1.0,1.0,1.0
0.0,0.5818,0.0,0.0,0.0,0.0,0.0,0.0,0.0,0.0,0.0,0.0,0.0,0.0,0.0,0.0,0.0,0.0,0.0,0.0,0.0,0.0,1.0,1.0,1.0,1.0,1.0
0.5785,0.0,0.0,0.0,0.0,0.0,0.0,0.0,0.0686,0.847,0.0,0.9039,0.0,0.1807,0.0,0.592,0.2044,0.0,0.1492,0.0,0.0,0.0,1.0,0.0,0.0,0.0,0.0
0.0,0.0,0.5447,0.4952,0.3709,0.9339,0.4993,0.0,0.5748,0.0,0.0,0.0,0.0,0.0,0.315,0.0,0.2344,0.0,0.3615,0.0,0.0,1.0,0.0,0.0,0.0,1.0,0.0
0.0,0.0,0.0,0.0,0.0,0.5559,0.742,0.0,0.0,0.9884,0.0,0.0,0.0,0.0,0.7425,0.0,0.401,0.6459,0.1611,0.0,0.3177,1.0,1.0,0.0,0.0,1.0,0.0
0.8176,0.0,0.2006,0.1966,0.5864,0.9526,0.1832,0.0,0.5233,0.7252,0.0,0.0,0.0,0.0,0.0,0.0,0.0,0.0,0.0,0.0,0.0,0.0,0.0,0.0,0.0,1.0,1.0
0.0,0.0,0.0,0.0,0.0,0.0,0.3647,0.9581,0.8051,0.0,0.0,0.0,0.0,0.0,0.0,0.0,0.0,0.0,0.0,0.0,0.0,1.0,1.0,1.0,0.0,1.0,1.0
0.0,0.0,0.0,0.0,0.0,0.0,0.0,0.0,0.0,0.0,0.0,0.0,0.0,0.0,0.0,0.0,0.0,0.0,0.0,0.0,0.0,1.0,1.0,1.0,1.0,1.0,1.0
0.7961,0.259,0.0,0.0,0.0,0.4404,0.0,0.0,0.0,0.0,0.0,0.0,0.0,0.2486,0.0,0.0,0.412,0.0,0.0,0.0,0.0,0.0,1.0,0.0,1.0,1.0,0.0
0.0,0.0,0.0,0.0,0.8568,0.7597,0.0,0.0,0.0,0.0,0.0,0.0,0.0,0.0,0.0,0.0,0.0,0.0,0.0,0.0,0.0,1.0,1.0,0.0,1.0,1.0,1.0
0.0,0.0,0.0,0.0,0.0,0.0,0.0,0.0,0.0,0.0,0.0,0.0,0.0,0.9053,0.7967,0.0857,0.0,0.3959,0.8362,0.1418,0.0,1.0,1.0,1.0,1.0,1.0,0.0
0.0,0.0,0.0,0.0,0.743,0.0,0.332,0.0,0.1666,0.19,0.584,0.0,0.3544,0.6994,0.5252,0.2621,0.0,0.0,0.0,0.8447,0.0,1.0,1.0,0.0,0.0,0.0,0.0
0.0,0.0,0.0,0.0,0.0,0.0,0.0,0.0,0.0,0.0,0.0,0.0,0.0,0.0,0.0,0.0,0.0,0.0,0.0,0.0,0.0,1.0,1.0,1.0,1.0,1.0,1.0
0.0,0.0,0.0,0.0,0.0,0.0,0.5622,0.0,0.1496,0.5762,0.0,0.0,0.0,0.2961,0.0,0.0,0.3523,0.5829,0.0,0.274,0.0,1.0,1.0,1.0,0.0,1.0,0.0
0.0,0.0,0.0,0.0,0.0,0.0,0.0,0.0,0.0,0.0,0.0,0.0,0.0,0.0,0.0,0.0,0.0,0.0,0.0,0.0,0.0,0.0,1.0,1.0,1.0,1.0,1.0
0.0,0.0,0.0,0.0,0.8396,0.0,0.2797,0.3333,0.9745,0.0,0.0,0.0,0.0,0.0,0.0,0.0,0.0,0.0,0.0,0.6835,0.0,1.0,1.0,0.0,0.0,1.0,0.0
0.0,0.0,0.4925,0.4738,0.0,0.0926,0.0,0.0,0.0,0.0,0.0,0.0,0.4333,0.0273,0.2588,0.0,0.7774,0.0,0.8696,0.0,0.0,1.0,0.0,0.0,0.0,0.0,0.0
0.0,0.0,0.0,0.0,0.0,0.0,0.0,0.0,0.0,0.0,0.0,0.0,0.0,0.0,0.0,0.0,0.0,0.0,0.0,0.0,0.0,1.0,1.0,1.0,1.0,1.0,1.0
0.0,0.0,0.0,0.0,0.0,0.0,0.0,0.0,0.0,0.0,0.0,0.0,0.0,0.0,0.0,0.0,0.0,0.0,0.0,0.0,0.0,1.0,1.0,0.0,1.0,1.0,1.0
0.0,0.0,0.0,0.0,0.0,0.0,0.0,0.0,0.7553,0.9874,0.2431,0.481,0.4524,0.0,0.0,0.0,0.0,0.0,0.0,0.0,0.0,1.0,0.0,0.0,0.0,0.0,1.0
0.4456,0.9046,0.0,0.0,0.0,0.0,0.0,0.0,0.0,0.0,0.0,0.0,0.0,0.0,0.0,0.0,0.0,0.0,0.0,0.0,0.0,0.0,1.0,1.0,1.0,1.0,1.0
0.0,0.0,0.0,0.0,0.0,0.0,0.0,0.434,0.0,0.0,0.0,0.0,0.0,0.0,0.0,0.0,0.0,0.0,0.0,0.0,0.0,1.0,1.0,0.0,0.0,1.0,1.0
0.0,0.0,0.7435,0.0,0.0,0.0,0.0,0.8024,0.2416,0.2354,0.0,0.0,0.0,0.0,0.0,0.0,0.0,0.0,0.0,0.0,0.0,1.0,0.0,1.0,0.0,1.0,1.0
0.0,0.0,0.0,0.0,0.0,0.0,0.0,0.6221,0.0,0.0,0.0,0.0,0.0,0.0,0.0,0.0,0.0,0.0,0.0,0.0,0.0,1.0,1.0,0.0,0.0,0.0,1.0
0.0,0.0,0.0,0.0,0.0,0.0,0.0,0.0,0.0,0.0,0.0,0.8098,0.0,0.4206,0.0,0.0,0.0,0.0,0.0,0.3308,0.0,1.0,1.0,1.0,1.0,0.0,0.0
0.0,0.0,0.0,0.0,0.0,0.0,0.0,0.0,0.0,0.0,0.0,0.0,0.0,0.0,0.0,0.796,0.3337,0.0,0.0,0.3291,0.0,1.0,0.0,1.0,1.0,1.0,0.0
0.0,0.0,0.2389,0.0,0.0,0.0,0.0,0.0,0.0,0.0,0.0,0.0,0.0,0.0,0.0,0.8554,0.0,0.0,0.1276,0.0,0.0,0.0,0.0,1.0,1.0,1.0,0.0
0.0,0.0633,0.455,0.7173,0.0,0.0,0.0,0.7147,0.826,0.0,0.3232,0.0,0.0,0.0,0.0,0.0,0.0,0.0,0.0,0.0,0.0,0.0,0.0,1.0,0.0,0.0,1.0
0.0,0.0,0.0,0.0,0.0,0.0,0.0,0.7611,0.6078,0.0741,0.139,0.0,0.0,0.0,0.5262,0.0,0.4391,0.0,0.0,0.4833,0.0885,0.0,1.0,1.0,0.0,0.0,0.0
0.0,0.0,0.7377,0.0,0.0,0.0,0.0,0.0,0.0,0.0,0.0,0.0,0.0,0.0,0.0,0.0,0.0,0.0,0.0,0.0,0.0,1.0,0.0,1.0,1.0,1.0,1.0
0.0,0.0,0.0,0.0,0.0,0.0,0.0,0.0,0.0,0.0,0.0,0.0,0.0,0.0,0.0,0.0,0.0,0.0,0.0,0.0,0.0,1.0,1.0,1.0,1.0,1.0,1.0
0.0,0.0,0.0,0.0,0.0,0.0,0.0,0.0,0.0,0.0,0.0,0.0,0.0,0.0,0.0,0.0,0.0,0.0,0.0,0.0,0.0,1.0,1.0,1.0,1.0,1.0,1.0
0.3221,0.0,0.9026,0.0,0.0,0.0,0.7377,0.9551,0.0,0.0,0.0,0.0,0.0,0.0,0.0,0.0,0.0,0.0,0.0,0.0,0.0,0.0,0.0,1.0,0.0,1.0,1.0
0.0,0.0,0.0,0.0,0.4424,0.3432,0.0,0.0,0.0,0.0,0.5087,0.9304,0.0,0.0,0.0,0.0,0.0,0.0,0.0,0.0,0.0,1.0,1.0,0.0,1.0,0.0,1.0
0.0,0.257,0.0,0.0,0.0,0.0,0.1312,0.6819,0.947,0.0,0.0,0.0,0.0,0.0,0.0,0.0,0.0,0.0,0.0,0.0,0.0,0.0,1.0,1.0,0.0,1.0,1.0
0.0,0.0,0.0,0.0,0.0,0.0,0.0,0.0,0.0,0.0,0.5522,0.0,0.0,0.4108,0.6348,0.1792,0.4683,0.2994,0.0,0.6093,0.0,1.0,1.0,1.0,1.0,0.0,0.0
0.0,0.0,0.8648,0.4186,0.0,0.9941,0.0,0.9059,0.918,0.0,0.0,0.0,0.0,0.0,0.9967,0.0,0.0,0.0,0.0,0.0,0.0,1.0,0.0,0.0,0.0,0.0,0.0
0.9397,0.0343,0.6408,0.0,0.0,0.0,0.0,0.0,0.0,0.0,0.0,0.0,0.0,0.0,0.0,0.0,0.0,0.0,0.0,0.0,0.0,0.0,0.0,0.0,1.0,1.0,1.0
0.0,0.0,0.2567,0.2641,0.0,0.0,0.8275,0.0,0.0,0.1671,0.0,0.0,0.0,0.4736,0.0,0.0,0.3013,0.1358,0.0,0.0,0.754,1.0,0.0,1.0,0.0,1.0,0.0
0.0,0.0,0.0,0.0,0.0,0.0,0.0,0.0,0.0,0.0,0.0,0.0,0.0,0.0,0.0,0.0,0.0,0.0,0.0,0.0,0.0,1.0,1.0,1.0,1.0,1.0,1.0
0.0,0.0,0.0,0.0,0.0,0.0,0.0,0.5114,0.8487,0.1525,0.0,0.0,0.0,0.0,0.4273,0.813,0.5781,0.0,0.8564,0.8781,0.6822,1.0,1.0,0.0,0.0,1.0,0.0
0.4663,0.5516,0.0,0.0,0.0,0.0,0.0,0.0,0.0,0.0,0.7834,0.7818,0.759,0.9661,0.0138,0.0,0.0,0.2624,0.0,0.0,0.1866,0.0,0.0,1.0,1.0,0.0,0.0
0.0,0.0,0.0,0.0,0.0,0.0,0.0,0.0,0.0,0.0,0.0,0.6578,0.3852,0.0,0.0,0.0,0.0,0.0,0.0,0.0,0.0,1.0,0.0,1.0,1.0,0.0,1.0
0.0,0.0,0.0,0.8907,0.0274,0.0,0.2324,0.145,0.0,0.8192,0.1855,0.306,0.5736,0.0,0.0,0.0,0.0,0.0,0.0,0.0,0.0,0.0,0.0,0.0,0.0,0.0,1.0
0.0,0.0,0.0,0.0,0.0,0.4986,0.0,0.0,0.0,0.0,0.0,0.2318,0.8785,0.6246,0.7245,0.1717,0.0,0.0,0.2435,0.7828,0.0,1.0,0.0,0.0,1.0,0.0,0.0
0.9416,0.0,0.0,0.0,0.0,0.0,0.0,0.0,0.0,0.0,0.0,0.9935,0.0,0.0,0.0,0.0,0.0,0.0,0.0,0.0,0.0,0.0,1.0,1.0,1.0,0.0,1.0
0.0,0.0,0.0,0.0,0.0,0.0,0.0,0.0,0.0,0.0,0.0,0.9925,0.2197,0.0,0.0,0.0,0.0,0.0,0.0,0.0,0.0,1.0,1.0,1.0,1.0,0.0,1.0
0.3185,0.0,0.0,0.0,0.8856,0.1736,0.0,0.0901,0.0,0.0,0.6315,0.6557,0.3633,0.0,0.0,0.0,0.3865,0.7947,0.1362,0.1741,0.0,0.0,1.0,0.0,0.0,0.0,0.0
0.0,0.0,0.0,0.0,0.0,0.0,0.0,0.0,0.0,0.0,0.0,0.0,0.0,0.0,0.0,0.0,0.0,0.0,0.0,0.0,0.0,1.0,1.0,1.0,1.0,1.0,1.0
0.0,0.0,0.0,0.0,0.0,0.0,0.0,0.0,0.0,0.0,0.0,0.0,0.0,0.0,0.0,0.0,0.0,0.0,0.0,0.0,0.0,1.0,1.0,1.0,1.0,1.0,1.0
0.0,0.0,0.0,0.0,0.0,0.0,0.0,0.0,0.0,0.0,0.0,0.0,0.0,0.0,0.0,0.0,0.0,0.0,0.0,0.0,0.0,0.0,1.0,1.0,1.0,1.0,1.0
0.0,0.0,0.0,0.0,0.0,0.0,0.9415,0.0,0.0,0.0,0.0187,0.0502,0.0,0.0,0.0,0.0,0.8131,0.0,0.0,0.3662,0.0,1.0,1.0,0.0,0.0,0.0,0.0
0.0,0.5916,0.0,0.8004,0.5641,0.6846,0.0,0.7749,0.3385,0.4297,0.3188,0.0,0.3363,0.0,0.0,0.0,0.0,0.0,0.0,0.0,0.0,0.0,0.0,0.0,0.0,0.0,1.0
0.0,0.0,0.0,0.0,0.0,0.0,0.0,0.0,0.0,0.0,0.0,0.0,0.0,0.0,0.0,0.0,0.0,0.0,0.0,0.0,0.0,0.0,0.0,1.0,1.0,0.0,1.0
0.0,0.0,0.0,0.0,0.0,0.0,0.0,0.0,0.0,0.0,0.0,0.0,0.0,0.0,0.0,0.0,0.0,0.0,0.0,0.0,0.0,1.0,1.0,1.0,1.0,1.0,1.0
0.0,0.0,0.0,0.0,0.0,0.0,0.0,0.0,0.0,0.0,0.0,0.0,0.0,0.0,0.0,0.0,0.0,0.0,0.0,0.0,0.0,1.0,1.0,1.0,1.0,0.0,1.0
0.0,0.0,0.0,0.0,0.0,0.0,0.0,0.0,0.0,0.0,0.0,0.0,0.0,0.0,0.0,0.0,0.0,0.0,0.0,0.0,0.0,1.0,1.0,1.0,1.0,1.0,1.0
0.0,0.0,0.0,0.0,0.0,0.0,0.0,0.0,0.0,0.0,0.0,0.0,0.0,0.0,0.0,0.0,0.0,0.0,0.0,0.0,0.0,1.0,1.0,0.0,1.0,1.0,1.0
0.0997,0.0,0.0,0.0,0.0,0.0,0.0,0.0,0.0,0.0,0.0,0.0,0.0,0.0,0.0,0.0,0.0,0.0,0.0,0.0,0.0,0.0,1.0,1.0,1.0,1.0,1.0
0.0,0.4407,0.0,0.0,0.0,0.0,0.0,0.0,0.0,0.0,0.0,0.4743,0.8424,0.8416,0.0,0.3204,0.0,0.0,0.7546,0.2483,0.6445,0.0,0.0,1.0,1.0,0.0,0.0
0.0,0.9579,0.985,0.0,0.0,0.0,0.0,0.0,0.0,0.0,0.0,0.0,0.0,0.0,0.0,0.6098,0.5581,0.0,0.0,0.0,0.0,0.0,0.0,1.0,1.0,1.0,0.0
0.0,0.0,0.7739,0.0,0.0,0.0,0.0,0.0,0.0,0.0,0.0102,0.9573,0.0,0.0,0.0,0.0,0.0,0.0,0.0,0.0,0.0,1.0,0.0,1.0,1.0,0.0,1.0
0.5025,0.1575,0.0,0.0,0.0,0.0,0.5362,0.0,0.0,0.0,0.0,0.0,0.6434,0.0,0.5412,0.0,0.0,0.0,0.5508,0.0,0.6365,0.0,1.0,1.0,0.0,0.0,0.0
0.0,0.0,0.0,0.0,0.0,0.8217,0.0,0.0,0.0,0.0,0.4613,0.6258,0.196,0.0,0.0,0.0,0.0,0.0,0.0,0.0,0.0,1.0,1.0,0.0,1.0,0.0,1.0
0.0,0.0,0.0,0.0,0.0,0.0,0.0,0.0,0.0,0.0,0.0,0.0,0.0,0.0,0.0,0.0,0.0,0.0,0.0,0.0,0.0,0.0,1.0,1.0,1.0,1.0,1.0
0.8843,0.8275,0.0,0.0,0.0,0.0,0.0,0.0,0.0,0.0,0.0,0.0,0.0,0.0,0.0,0.0,0.0,0.0,0.0,0.0,0.0,0.0,1.0,1.0,1.0,1.0,1.0
0.0,0.0,0.0,0.0,0.0,0.0,0.0,0.0,0.0,0.0,0.2978,0.0,0.1616,0.0,0.1069,0.6719,0.9907,0.0,0.0,0.1966,0.1827,0.0,0.0,1.0,1.0,0.0,0.0
0.0,0.8665,0.0,0.0,0.0,0.0,0.0,0.7552,0.1228,0.0,0.398,0.0,0.7163,0.4932,0.0,0.0,0.238,0.6045,0.0,0.0,0.2711,0.0,0.0,1.0,0.0,0.0,0.0
0.0,0.0,0.0,0.0,0.0,0.0,0.0,0.0,0.0,0.0,0.0,0.0,0.0,0.0,0.0,0.0,0.0,0.0,0.0,0.0,0.0,1.0,1.0,1.0,1.0,1.0,1.0
0.0,0.7908,0.2561,0.0,0.0,0.0,0.0,0.0,0.0,0.0,0.0293,0.0,0.0,0.0,0.0,0.0,0.0,0.0,0.0,0.0,0.0,0.0,0.0,1.0,1.0,0.0,1.0
0.0,0.0,0.0,0.0,0.2967,0.0,0.0,0.0,0.0,0.0,0.0,0.0,0.0,0.0,0.0,0.0,0.0,0.0,0.0,0.0,0.0,1.0,1.0,0.0,1.0,1.0,1.0
0.0,0.0,0.0,0.0,0.0,0.0,0.0,0.0,0.9562,0.6649,0.6951,0.0,0.7476,0.9853,0.3553,0.0,0.0,0.1566,0.0,0.8595,0.0,0.0,1.0,1.0,0.0,0.0,0.0
0.0,0.0,0.0,0.0,0.27,0.3287,0.0,0.0,0.0,0.0,0.0,0.0,0.0,0.0,0.0,0.0,0.0,0.0,0.0,0.0,0.0,1.0,1.0,0.0,1.0,1.0,1.0
0.0,0.0,0.0,0.3021,0.0,0.5881,0.0,0.0,0.0,0.0,0.0,0.0,0.0,0.0,0.0,0.0,0.1323,0.0,0.9966,0.0,0.3856,0.0,0.0,0.0,1.0,1.0,0.0
0.0,0.0,0.0,0.0,0.0,0.0,0.0,0.0,0.0,0.4569,0.0,0.0,0.0,0.5541,0.0,0.7918,0.0,0.5913,0.0,0.0,0.4107,1.0,0.0,1.0,0.0,1.0,0.0
0.0,0.0,0.0,0.0,0.0,0.0,0.0,0.0,0.6072,0.0,0.7626,0.0,0.0,0.0,0.0,0.9111,0.0,0.7236,0.0,0.0,0.0,1.0,1.0,1.0,0.0,0.0,0.0
0.0,0.0,0.0,0.0,0.0,0.0,0.0,0.0,0.0,0.0,0.0,0.0,0.0,0.0,0.0,0.0,0.0,0.0,0.0,0.0,0.0,1.0,1.0,1.0,1.0,1.0,1.0
0.0,0.7262,0.3423,0.4511,0.0,0.0,0.0,0.0,0.0,0.0,0.0,0.0,0.0,0.0,0.0,0.9644,0.0,0.0,0.0,0.8352,0.5698,0.0,0.0,0.0,1.0,1.0,0.0
0.5599,0.1714,0.0,0.0,0.0,0.0,0.0,0.0,0.0,0.0,0.0,0.7411,0.0,0.0,0.8125,0.1026,0.8774,0.3212,0.0,0.3378,0.4703,0.0,1.0,1.0,1.0,0.0,0.0
0.0,0.0,0.6876,0.0,0.0,0.0,0.5043,0.1331,0.0,0.4887,0.0,0.0,0.0,0.0,0.0,0.0,0.0,0.0,0.0,0.0,0.0,0.0,0.0,1.0,0.0,1.0,1.0
0.0,0.0,0.0,0.0,0.0,0.0,0.5822,0.197,0.2351,0.6539,0.3582,0.0,0.0356,0.0,0.0,0.0,0.0,0.0,0.0,0.0,0.0,1.0,1.0,1.0,0.0,0.0,1.0
0.0,0.0,0.0,0.0,0.0,0.0,0.0,0.0,0.0,0.0,0.0,0.0,0.0,0.0,0.0,0.0,0.0,0.0,0.0,0.0,0.0,0.0,1.0,1.0,1.0,1.0,1.0
0.8917,0.0,0.0,0.9876,0.0,0.0,0.0,0.0,0.3842,0.3563,0.8638,0.9665,0.0,0.0,0.0,0.0,0.0,0.0,0.0,0.0,0.0,0.0,0.0,1.0,0.0,0.0,1.0
0.9444,0.0,0.5056,0.0,0.0,0.0,0.1321,0.8428,0.948,0.3911,0.0,0.0,0.1325,0.6677,0.4711,0.0,0.0,0.0,0.7838,0.9099,0.0,0.0,0.0,1.0,0.0,0.0,0.0
0.0,0.0,0.0,0.0,0.0374,0.0,0.7004,0.0,0.0,0.6209,0.0,0.0,0.0,0.0,0.0,0.5753,0.1607,0.0,0.6634,0.0,0.0036,1.0,1.0,0.0,0.0,1.0,0.0
0.0,0.0,0.5282,0.2038,0.0,0.0,0.0,0.0,0.1558,0.0,0.752,0.0,0.2676,0.4993,0.188,0.0,0.1842,0.0,0.2321,0.6517,0.0,1.0,0.0,0.0,0.0,0.0,0.0
0.0,0.714,0.0,0.9759,0.0,0.5789,0.5315,0.0,0.0,0.5016,0.0,0.0,0.0,0.6856,0.0,0.386,0.3859,0.6304,0.0,0.0,0.0,0.0,0.0,0.0,0.0,1.0,0.0
0.0,0.0,0.9877,0.0074,0.0,0.1591,0.1386,0.1986,0.1748,0.7275,0.0,0.0,0.0,0.0175,0.0,0.0,0.0,0.5167,0.0,0.5135,0.018,0.0,0.0,0.0,0.0,1.0,0.0
0.0,0.0,0.0,0.0,0.1966,0.0,0.0,0.1886,0.0,0.0629,0.0,0.0,0.0,0.3145,0.8348,0.6251,0.1143,0.2741,0.0,0.0,0.0,0.0,0.0,0.0,0.0,1.0,0.0
0.0,0.0,0.0,0.0,0.0,0.0,0.0,0.0,0.0,0.0,0.0,0.0,0.0,0.0,0.0,0.0,0.0,0.0,0.0,0.0,0.0,1.0,0.0,1.0,1.0,1.0,1.0
0.5386,0.0,0.0,0.0,0.0,0.0,0.0,0.669,0.0,0.0,0.1449,0.0,0.0,0.0,0.9808,0.063,0.6828,0.0,0.4356,0.0,0.0,0.0,1.0,0.0,0.0,0.0,0.0
0.0,0.0,0.0,0.0,0.0,0.0,0.0,0.0,0.0,0.0,0.0,0.0,0.0,0.0,0.0,0.0,0.0,0.0,0.0,0.0,0.0,1.0,1.0,0.0,1.0,1.0,1.0
0.0,0.0,0.0,0.0,0.5827,0.7373,0.0,0.0,0.0,0.0,0.0,0.0,0.0,0.0,0.0,0.0,0.0,0.0,0.0,0.0,0.0,1.0,0.0,0.0,1.0,1.0,1.0
0.0,0.0,0.0,0.0,0.0,0.0,0.0,0.0,0.0,0.0,0.0,0.0,0.0,0.0,0.0,0.0,0.0,0.0,0.0,0.0,0.0,1.0,1.0,1.0,1.0,1.0,1.0
0.0,0.0,0.0,0.2178,0.0,0.0,0.4987,0.0,0.0,0.7396,0.0,0.0,0.0,0.0,0.436,0.1322,0.0,0.0,0.6379,0.0,0.8165,0.0,0.0,0.0,0.0,1.0,0.0
0.0027,0.9419,0.0,0.0,0.0,0.0,0.0,0.0,0.0,0.0,0.6187,0.0,0.5246,0.0,0.0,0.0,0.0,0.0,0.0,0.0,0.0,0.0,0.0,0.0,1.0,0.0,1.0
0.0,0.3399,0.0,0.3634,0.019,0.0344,0.0,0.0,0.0,0.0,0.0,0.0,0.0035,0.1541,0.1828,0.0,0.0,0.0,0.0,0.0,0.0,0.0,0.0,0.0,1.0,0.0,0.0
0.0,0.0,0.0,0.0,0.0,0.0,0.0,0.0,0.0,0.0,0.0,0.0,0.0,0.0,0.0,0.0,0.0,0.0,0.0,0.0,0.0,1.0,1.0,1.0,1.0,1.0,1.0
0.0,0.0,0.0,0.0,0.5548,0.924,0.0,0.0,0.4384,0.4228,0.0,0.0,0.2473,0.0,0.0,0.0,0.0,0.0,0.0,0.0,0.0,1.0,1.0,0.0,0.0,0.0,1.0
0.0,0.0,0.0,0.0,0.0,0.3213,0.0,0.0,0.9183,0.0,0.7242,0.8265,0.5649,0.0,0.0,0.0,0.0,0.0,0.0,0.0,0.0,0.0,0.0,0.0,0.0,0.0,1.0
0.0,0.0,0.0,0.0,0.0,0.0,0.0,0.0,0.6559,0.0,0.512,0.0,0.7573,0.0,0.0,0.0,0.0,0.0,0.0,0.0,0.0,1.0,1.0,1.0,0.0,0.0,1.0
0.0,0.0,0.0,0.0,0.0,0.0,0.0,0.0,0.0,0.0,0.0,0.0,0.0,0.0,0.0,0.0,0.0,0.0,0.0,0.0,0.0,1.0,1.0,1.0,1.0,1.0,1.0
0.0,0.0,0.0,0.0,0.1967,0.2011,0.0,0.0,0.0,0.0,0.3823,0.1876,0.0,0.9962,0.0,0.2209,0.0,0.1878,0.0,0.6463,0.0023,0.0,1.0,0.0,1.0,0.0,0.0
0.0,0.0,0.0824,0.0,0.0,0.0,0.0,0.0,0.0,0.0,0.0,0.0,0.0,0.6141,0.9465,0.0,0.0,0.3638,0.1343,0.5152,0.0621,0.0,0.0,1.0,1.0,1.0,0.0
0.0,0.0,0.2032,0.8268,0.0,0.7749,0.5343,0.0,0.3474,0.1573,0.9452,0.1159,0.0,0.0,0.8081,0.0,0.6513,0.2423,0.382,0.0,0.6359,1.0,0.0,0.0,0.0,0.0,0.0
0.0,0.0,0.2845,0.5491,0.0,0.0,0.0,0.0053,0.0,0.0,0.0,0.0,0.0,0.0,0.0,0.0,0.0,0.0,0.0,0.089,0.0,0.0,0.0,1.0,0.0,0.0,0.0
0.0,0.6468,0.0,0.0,0.0,0.0,0.0,0.0,0.0,0.0,0.0,0.0,0.0,0.7626,0.0,0.6833,0.0,0.0,0.6847,0.1846,0.0,0.0,1.0,0.0,1.0,1.0,0.0
0.0,0.0,0.0,0.0,0.2582,0.5844,0.2779,0.0,0.0,0.0,0.0,0.0,0.0,0.0299,0.4806,0.0,0.0,0.7561,0.6737,0.0664,0.0,0.0,1.0,0.0,0.0,0.0,0.0
0.0,0.0,0.0,0.0,0.0,0.0,0.0,0.1186,0.238,0.0,0.0,0.9815,0.147,0.2018,0.5181,0.0,0.0,0.8185,0.9382,0.5476,0.4867,1.0,1.0,1.0,0.0,0.0,0.0
0.0,0.1873,0.1082,0.0444,0.0,0.0,0.4392,0.9424,0.0,0.0,0.1518,0.3779,0.0,0.7774,0.0,0.0,0.0,0.3002,0.0,0.0804,0.235,0.0,0.0,1.0,0.0,0.0,0.0
0.0886,0.4721,0.0,0.8049,0.0,0.0,0.1245,0.909,0.816,0.0,0.0,0.0,0.7928,0.0,0.0,0.0,0.0,0.4503,0.0,0.4019,0.4683,0.0,0.0,1.0,0.0,0.0,0.0
0.0,0.0,0.0,0.0,0.0,0.0,0.0,0.0,0.0,0.0,0.0,0.0,0.0,0.0,0.0,0.0,0.0,0.0,0.0,0.0,0.0,1.0,1.0,1.0,1.0,1.0,1.0
0.3514,0.5251,0.0,0.0,0.0,0.1501,0.0,0.0,0.0,0.0,0.6297,0.9941,0.6493,0.0,0.0,0.0,0.0,0.0,0.0,0.0,0.0,0.0,1.0,0.0,0.0,0.0,1.0
0.0,0.0,0.8524,0.0,0.318,0.986,0.0,0.0,0.0,0.0,0.0,0.0,0.0,0.0,0.0,0.0,0.0,0.0,0.0,0.0,0.0,1.0,0.0,0.0,1.0,1.0,1.0
0.0,0.0,0.0,0.0,0.0,0.0,0.8621,0.6798,0.0,0.0,0.4665,0.9047,0.2224,0.0,0.0,0.0,0.0,0.0,0.0,0.0,0.0,1.0,1.0,1.0,0.0,0.0,1.0
0.0,0.0,0.2721,0.9577,0.7769,0.569,0.8951,0.0,0.5867,0.0,0.0,0.0,0.0,0.0,0.0,0.0,0.0,0.0,0.3921,0.0,0.0,1.0,0.0,0.0,0.0,1.0,0.0
0.0,0.0,0.0,0.0,0.0,0.0,0.0,0.0,0.0,0.0473,0.0,0.0,0.1064,0.0,0.0,0.0,0.0,0.0,0.0,0.0,0.0,1.0,0.0,1.0,0.0,0.0,1.0
0.0,0.0,0.0,0.0,0.0,0.0,0.0,0.0,0.0,0.0,0.0,0.0,0.0,0.5028,0.9347,0.0665,0.0189,0.0,0.0,0.5724,0.0,1.0,1.0,1.0,1.0,0.0,0.0
0.0,0.0,0.0,0.0,0.0,0.0,0.0,0.0,0.0,0.0,0.0,0.2105,0.0,0.0,0.2005,0.6169,0.0,0.1979,0.2586,0.0,0.0,1.0,1.0,1.0,1.0,0.0,0.0
0.0,0.4051,0.0,0.0,0.759,0.0,0.0,0.0,0.0,0.0,0.0,0.0,0.0,0.2764,0.0,0.5856,0.0,0.1405,0.9093,0.7772,0.795,0.0,0.0,0.0,1.0,1.0,0.0
0.0,0.0,0.0,0.2505,0.0,0.0,0.3848,0.0,0.0,0.0,0.0,0.0,0.0,0.0,0.0,0.0,0.0,0.0,0.0,0.0,0.0,1.0,0.0,1.0,0.0,1.0,1.0
0.0,0.0,0.0,0.0,0.0,0.0,0.0,0.0,0.0,0.0028,0.0,0.0,0.0,0.0,0.0,0.0,0.0,0.0,0.0,0.0,0.0,1.0,1.0,1.0,0.0,1.0,1.0
0.392,0.4772,0.4639,0.0,0.0,0.0,0.0,0.0,0.0,0.0,0.0,0.0,0.0,0.655,0.6011,0.4328,0.0265,0.0,0.0,0.5505,0.9372,0.0,0.0,1.0,1.0,1.0,0.0
0.0,0.0,0.2905,0.7618,0.0,0.0,0.0,0.0,0.0,0.0,0.0,0.0,0.0,0.0,0.0,0.0,0.0,0.0,0.0,0.0,0.0,1.0,0.0,1.0,1.0,1.0,1.0
0.0,0.5123,0.1927,0.3627,0.0,0.0,0.0,0.0,0.0,0.0,0.0,0.0,0.6867,0.0,0.0,0.0,0.0,0.0,0.0,0.0,0.0,0.0,0.0,1.0,1.0,0.0,1.0
0.922,0.0,0.0,0.4218,0.0,0.0,0.8123,0.0,0.4199,0.0,0.5231,0.0,0.0,0.0,0.0,0.0,0.0,0.0,0.0,0.8226,0.0454,0.0,0.0,1.0,0.0,0.0,0.0
0.0,0.0,0.9076,0.0,0.0,0.0,0.0,0.0,0.0,0.0,0.0,0.0,0.0,0.0,0.0,0.0,0.0,0.0,0.0,0.0,0.0,1.0,0.0,1.0,1.0,1.0,1.0
0.0,0.0,0.0,0.3529,0.0,0.0,0.0,0.0,0.0,0.0,0.0,0.0,0.0,0.0,0.0,0.0,0.0,0.0,0.0,0.0,0.0,0.0,0.0,0.0,1.0,0.0,1.0
0.0,0.0,0.0,0.0,0.6759,0.1586,0.0,0.6597,0.1804,0.0,0.2952,0.778,0.0,0.0,0.0,0.5437,0.0,0.0,0.0,0.0,0.8762,0.0,1.0,0.0,0.0,0.0,0.0
0.6121,0.3881,0.0,0.0,0.0,0.0,0.0,0.0,0.0,0.0,0.0,0.0,0.0,0.0,0.0,0.0,0.0,0.0,0.0,0.0,0.0,0.0,1.0,1.0,1.0,1.0,1.0
0.5374,0.0,0.0,0.0,0.0,0.0,0.7388,0.4264,0.6195,0.8314,0.0,0.2189,0.658,0.0,0.0,0.0,0.0,0.0,0.0,0.0,0.0,0.0,1.0,1.0,0.0,0.0,1.0
0.0,0.0,0.0,0.2543,0.0,0.0,0.0,0.4595,0.2729,0.9646,0.0,0.0,0.0,0.0,0.0,0.0,0.0,0.0,0.0,0.0,0.0,1.0,0.0,0.0,0.0,1.0,1.0
0.0,0.0,0.0,0.0,0.0,0.1019,0.0,0.0,0.0,0.0,0.0,0.0,0.0,0.0,0.0,0.2871,0.8495,0.0,0.0,0.0,0.0,0.0,1.0,0.0,1.0,1.0,0.0
0.0,0.0,0.0,0.0,0.0,0.0,0.6548,0.0,0.0782,0.0,0.0,0.0,0.0,0.8925,0.0,0.6468,0.965,0.0,0.0,0.4006,0.7762,0.0,0.0,0.0,0.0,1.0,0.0
0.0,0.0,0.0,0.0,0.0,0.0,0.0,0.0,0.0,0.0,0.0,0.0,0.0,0.0,0.0,0.0,0.0,0.0,0.0,0.0,0.0,1.0,1.0,1.0,1.0,1.0,1.0
0.9931,0.5628,0.0,0.0,0.0,0.0,0.5081,0.1918,0.0,0.9685,0.1414,0.1432,0.0,0.0,0.7464,0.679,0.2654,0.0,0.2243,0.0,0.0,0.0,1.0,1.0,0.0,0.0,0.0
0.0,0.0,0.6325,0.9285,0.6823,0.0,0.0,0.0,0.0,0.0,0.0,0.0,0.0,0.0,0.4907,0.5221,0.2004,0.1777,0.0,0.0,0.0,1.0,0.0,0.0,0.0,0.0,0.0
0.0442,0.7374,0.0,0.0912,0.0,0.0,0.0,0.0,0.0,0.0,0.0,0.0,0.664,0.3288,0.0,0.6666,0.0266,0.0,0.6666,0.76,0.5968,0.0,0.0,1.0,1.0,0.0,0.0
0.9242,0.9795,0.0,0.0,0.0,0.0,0.0,0.0,0.0,0.0,0.0,0.758,0.0,0.0,0.0,0.0,0.0,0.0,0.0,0.0,0.0,0.0,1.0,1.0,1.0,0.0,1.0
0.0,0.0,0.0,0.0,0.0,0.0,0.409,0.0,0.3974,0.0,0.0,0.0,0.0,0.0,0.0,0.0,0.0,0.0,0.0,0.0,0.0,1.0,1.0,1.0,0.0,1.0,1.0
0.0,0.0,0.0,0.0,0.0,0.0,0.0,0.0,0.0,0.0,0.0,0.0,0.0,0.0,0.0,0.0,0.0,0.0,0.0,0.0,0.0,1.0,1.0,1.0,1.0,1.0,1.0
0.0,0.0,0.0,0.0,0.0833,0.0,0.3683,0.9287,0.0,0.0,0.0,0.0,0.0,0.0,0.0,0.0,0.0,0.0,0.0,0.0,0.0,1.0,1.0,0.0,0.0,1.0,1.0
0.6625,0.2923,0.0,0.0,0.0,0.0,0.0,0.0,0.0,0.0,0.3955,0.0,0.0,0.0,0.0,0.9086,0.1913,0.0,0.0,0.1305,0.0,0.0,1.0,1.0,1.0,0.0,0.0
0.0,0.0,0.5409,0.6456,0.094,0.0,0.4509,0.0,0.3925,0.9024,0.0,0.0211,0.0,0.0,0.1547,0.0,0.011,0.5137,0.7753,0.0,0.0,1.0,0.0,0.0,0.0,0.0,0.0
0.0,0.0,0.9618,0.0,0.2726,0.8766,0.1434,0.6138,0.0,0.5919,0.0,0.5292,0.1894,0.0,0.0,0.0,0.0,0.0,0.0,0.0,0.0,1.0,0.0,0.0,0.0,0.0,1.0
0.0,0.0,0.0,0.0,0.5484,0.0,0.0,0.0,0.0,0.0,0.0,0.0,0.0,0.0,0.0,0.0,0.0,0.0,0.0,0.0,0.0,1.0,1.0,0.0,1.0,0.0,1.0
0.0,0.0,0.0,0.0,0.0,0.0,0.0,0.0,0.0,0.0,0.0,0.0,0.0,0.7984,0.0,0.8878,0.4109,0.6748,0.626,0.0,0.0,1.0,1.0,1.0,1.0,1.0,0.0
0.0,0.0,0.0,0.0,0.675,0.0,0.841,0.8052,0.7219,0.8089,0.0,0.0,0.0,0.0,0.0,0.0,0.0,0.0,0.0,0.0,0.0,1.0,1.0,0.0,0.0,1.0,1.0
0.0,0.0,0.0,0.0,0.0,0.0,0.0,0.0,0.0,0.0,0.0,0.0,0.0,0.0,0.0,0.0,0.0,0.0,0.0,0.0,0.0,1.0,1.0,1.0,1.0,1.0,1.0
0.0,0.0,0.0,0.0,0.0,0.0,0.2056,0.0,0.0,0.7536,0.0,0.0,0.0,0.0,0.0,0.0,0.0,0.0,0.0,0.0,0.0,1.0,1.0,1.0,0.0,1.0,1.0
0.0,0.0,0.0,0.0,0.7528,0.4567,0.0,0.0,0.0,0.0,0.0,0.0,0.0,0.0,0.0,0.0,0.0,0.0,0.0,0.0,0.0,1.0,1.0,0.0,1.0,1.0,1.0
0.0,0.0,0.0,0.0,0.8128,0.0,0.0,0.8223,0.0,0.883,0.0,0.5641,0.9937,0.0,0.0,0.0,0.0,0.0,0.0,0.0,0.0,0.0,0.0,0.0,0.0,0.0,1.0
0.0,0.0,0.0,0.0,0.0,0.0,0.0,0.0,0.6193,0.0,0.0,0.2253,0.969,0.0,0.563,0.0,0.6702,0.1743,0.0,0.8762,0.6873,1.0,0.0,1.0,0.0,0.0,0.0
0.4032,0.0,0.824,0.0,0.0,0.0,0.6215,0.0,0.0,0.0,0.0,0.0,0.0,0.8831,0.0,0.6806,0.8515,0.0,0.8322,0.0,0.0,0.0,0.0,1.0,0.0,1.0,0.0
0.0,0.0,0.0,0.0,0.0,0.0,0.0,0.0,0.0,0.0,0.0,0.0,0.0,0.0,0.0,0.0,0.0,0.0,0.0,0.0,0.0,1.0,1.0,1.0,1.0,1.0,1.0
0.0,0.645,0.0,0.7646,0.0,0.0,0.0,0.6473,0.0,0.0,0.0,0.0,0.0,0.0167,0.0,0.2687,0.0,0.0,0.0,0.3775,0.0,0.0,0.0,1.0,0.0,1.0,0.0
0.1,0.086,0.0,0.0,0.0,0.0,0.0,0.0,0.0,0.0,0.0,0.0,0.0,0.0,0.0,0.0,0.0,0.0,0.0,0.0,0.0,0.0,1.0,1.0,1.0,1.0,1.0
0.0,0.0,0.0,0.0,0.0,0.0,0.0,0.0,0.0,0.0,0.0,0.0,0.0,0.0,0.0,0.0,0.0,0.0,0.0,0.0,0.0,1.0,1.0,1.0,1.0,1.0,1.0
0.0,0.0,0.0,0.0,0.9837,0.0,0.7021,0.4592,0.0,0.0,0.1201,0.69,0.0,0.0,0.0,0.0,0.0,0.0,0.0,0.0,0.0,1.0,1.0,0.0,0.0,0.0,1.0
0.0,0.0,0.0,0.0,0.0,0.0,0.0,0.0,0.0,0.0,0.4256,0.0,0.608,0.0,0.2527,0.0,0.0,0.6801,0.6199,0.4747,0.0,1.0,1.0,0.0,1.0,0.0,0.0
0.0,0.0,0.0,0.0,0.0,0.124,0.6213,0.0,0.3512,0.5057,0.0,0.0,0.0,0.0,0.0,0.0,0.0,0.0,0.0,0.0,0.0,1.0,1.0,0.0,0.0,1.0,1.0
0.0,0.0,0.0,0.0,0.0,0.0,0.0,0.0,0.0,0.0,0.0,0.0,0.0,0.0,0.0,0.0,0.0,0.0,0.0,0.0,0.0,1.0,1.0,1.0,1.0,1.0,1.0
0.0,0.0,0.0,0.0,0.6881,0.0,0.0,0.7723,0.0,0.0,0.0,0.0,0.0,0.0,0.0,0.0,0.0,0.0,0.0,0.0,0.0,1.0,1.0,0.0,0.0,1.0,1.0
0.0,0.0,0.0,0.0,0.0,0.0,0.0,0.0,0.0,0.0,0.0,0.0,0.0,0.0,0.0,0.0,0.0,0.0,0.0,0.0,0.0,1.0,0.0,1.0,1.0,1.0,1.0
0.2456,0.8729,0.0,0.2765,0.0,0.0,0.0,0.4029,0.3297,0.0,0.0,0.0,0.9355,0.0,0.0,0.0,0.0,0.0,0.0,0.0,0.0,0.0,0.0,0.0,0.0,0.0,1.0
0.0,0.0,0.0,0.0,0.0,0.0,0.0,0.0,0.0,0.0,0.0,0.0,0.0,0.0,0.0,0.0,0.0,0.0,0.0,0.0,0.0,1.0,1.0,1.0,1.0,1.0,1.0
0.0,0.0,0.0,0.0,0.0,0.0,0.0,0.0,0.0,0.0,0.0,0.0,0.0,0.0,0.0,0.0,0.0,0.0,0.0,0.0,0.0,1.0,1.0,1.0,1.0,1.0,1.0
0.0,0.0,0.0,0.0,0.0,0.0,0.0,0.0,0.0,0.0,0.0,0.0,0.0,0.0,0.0,0.0,0.0,0.0,0.0,0.0,0.0,1.0,1.0,1.0,1.0,1.0,1.0
0.0,0.0,0.0,0.0,0.0,0.9239,0.0,0.0,0.3511,0.0,0.7196,0.7621,0.0,0.0,0.0,0.0,0.0,0.0,0.0,0.0,0.0,0.0,1.0,0.0,0.0,0.0,1.0
0.7223,0.3535,0.2996,0.3731,0.124,0.0,0.0,0.0,0.0,0.0,0.9103,0.0,0.0,0.0,0.0,0.0,0.0,0.0,0.0,0.0,0.0,0.0,0.0,0.0,0.0,0.0,1.0
0.0,0.0,0.0,0.0,0.5696,0.0,0.0,0.4329,0.5515,0.6494,0.0,0.0,0.3131,0.0,0.4424,0.9719,0.5559,0.4934,0.0,0.5771,0.0,0.0,1.0,0.0,0.0,0.0,0.0
0.0926,0.1536,0.0,0.437,0.0,0.0,0.903,0.9794,0.9721,0.8353,0.0,0.0,0.0,0.0,0.0,0.0,0.0,0.0,0.0,0.0,0.0,0.0,0.0,1.0,0.0,1.0,1.0
0.0,0.0,0.53,0.0,0.4567,0.5362,0.9278,0.0,0.0,0.0,0.0,0.0,0.0,0.0,0.8324,0.3127,0.2963,0.0,0.0,0.8442,0.0506,0.0,0.0,0.0,0.0,1.0,0.0
0.0,0.0,0.0,0.0,0.0,0.0,0.0,0.0,0.0,0.0,0.0,0.0,0.0,0.0,0.0,0.0,0.0,0.0,0.0,0.0,0.0,1.0,0.0,1.0,1.0,1.0,1.0
0.0,0.0,0.0,0.0,0.0,0.0,0.0,0.0,0.0,0.0,0.0,0.0,0.0,0.0,0.0,0.0,0.0,0.0,0.0,0.0,0.0,1.0,1.0,1.0,1.0,1.0,1.0
0.0,0.0,0.0,0.0,0.0,0.0,0.0,0.0,0.0,0.0,0.0,0.0,0.0,0.9815,0.2038,0.2601,0.0,0.0,0.5163,0.0,0.924,1.0,1.0,1.0,1.0,1.0,0.0
0.0,0.0,0.0,0.0,0.0,0.0,0.0,0.0,0.0,0.0,0.0,0.0,0.0,0.0,0.0,0.0,0.0,0.0,0.0,0.0,0.0,0.0,1.0,1.0,1.0,1.0,1.0
0.0,0.0,0.0,0.0,0.0,0.0,0.0,0.7063,0.0,0.0136,0.0,0.0,0.0,0.0011,0.343,0.0,0.0,0.0,0.9255,0.0,0.1821,1.0,1.0,1.0,0.0,1.0,0.0
0.0,0.0,0.0,0.0,0.0,0.0,0.0,0.0,0.0,0.0,0.0,0.0,0.0,0.0,0.0,0.0,0.0,0.0,0.0,0.0,0.0,1.0,1.0,1.0,1.0,1.0,1.0
0.0,0.0,0.0,0.0,0.4702,0.0,0.0,0.0,0.0,0.0,0.0,0.0,0.0,0.0,0.0,0.0,0.0,0.0,0.0,0.0,0.0,1.0,1.0,0.0,1.0,1.0,1.0
0.0,0.0,0.8137,0.0,0.0,0.0,0.0,0.0,0.1455,0.0,0.5146,0.0,0.0,0.7297,0.0,0.0,0.0,0.0,0.5232,0.0,0.0,1.0,0.0,1.0,0.0,0.0,0.0
0.0,0.0,0.0,0.4543,0.0,0.0,0.0,0.0,0.0,0.0,0.0,0.0,0.0,0.8377,0.0,0.5706,0.0,0.0,0.4076,0.0,0.8791,1.0,0.0,0.0,1.0,0.0,0.0
0.0,0.0,0.0,0.0,0.0,0.0,0.3154,0.035,0.0,0.0,0.0,0.0,0.0,0.0,0.0,0.0,0.0,0.0,0.0,0.0,0.0,0.0,0.0,1.0,0.0,1.0,1.0
0.0,0.0,0.7358,0.0,0.7815,0.653,0.0,0.6277,0.3155,0.0,0.8794,0.0751,0.0,0.0,0.0,0.0,0.0,0.0,0.0,0.0,0.0,0.0,0.0,0.0,0.0,0.0,1.0
0.0,0.1024,0.0,0.0,0.0,0.0,0.1235,0.0,0.9439,0.0,0.0,0.0,0.0,0.0,0.0,0.0,0.0,0.0,0.0,0.0,0.0,0.0,1.0,1.0,0.0,1.0,1.0
0.0,0.0,0.0,0.0,0.0,0.0,0.5449,0.0,0.307,0.0,0.0,0.0,0.0,0.0,0.0,0.0,0.0,0.0,0.0,0.0,0.0,1.0,1.0,1.0,0.0,1.0,1.0
0.0,0.0,0.8184,0.1424,0.0,0.0,0.0,0.0,0.0,0.0,0.2296,0.8034,0.0,0.0,0.0,0.0,0.0,0.0,0.0,0.0,0.0,1.0,0.0,1.0,1.0,0.0,1.0
0.0,0.0,0.0,0.0,0.0,0.0,0.0,0.0,0.0,0.0,0.0,0.0,0.0,0.0,0.0,0.0,0.0,0.0,0.0,0.0,0.0,1.0,1.0,1.0,1.0,1.0,1.0
0.0,0.0,0.0,0.0,0.0,0.0,0.0,0.0,0.0,0.0,0.0,0.0,0.0,0.0,0.0,0.0,0.0,0.0,0.0,0.0,0.0,1.0,1.0,1.0,1.0,1.0,1.0
0.2397,0.9205,0.0,0.0,0.2722,0.4736,0.0,0.0,0.0,0.0,0.0,0.0,0.6917,0.0,0.0,0.0,0.0,0.0,0.0,0.0,0.0,0.0,1.0,0.0,0.0,0.0,1.0
0.3698,0.0,0.0,0.0,0.3298,0.0705,0.0,0.0,0.0,0.1884,0.0,0.0,0.324,0.1531,0.358,0.0,0.0,0.0,0.3558,0.9318,0.7216,0.0,1.0,0.0,0.0,0.0,0.0
0.0,0.1573,0.0,0.3236,0.0,0.0,0.0,0.3187,0.0,0.0,0.0,0.0,0.0,0.7987,0.2021,0.9609,0.6759,0.5872,0.0,0.0,0.0,0.0,0.0,1.0,0.0,1.0,0.0
0.603,0.1059,0.0,0.0,0.0,0.5911,0.729,0.6081,0.9911,0.8546,0.0,0.0,0.0,0.0,0.0,0.0,0.0,0.0,0.0,0.0,0.0,0.0,0.0,0.0,0.0,1.0,1.0
0.0,0.7366,0.0,0.0,0.0,0.9677,0.0,0.4444,0.0,0.0,0.0,0.1069,0.0,0.0,0.0,0.0,0.0,0.0,0.0,0.0,0.0,0.0,0.0,0.0,0.0,0.0,1.0
0.0225,0.0,0.0,0.0,0.0,0.0,0.0,0.0,0.0,0.0,0.0,0.0,0.0,0.0,0.0,0.0,0.0,0.0,0.0,0.0,0.0,0.0,1.0,1.0,1.0,1.0,1.0
0.0,0.0,0.0,0.0,0.0,0.0,0.0,0.0,0.0,0.0,0.0,0.0,0.0,0.0,0.0,0.0,0.0,0.0,0.0,0.0,0.0,1.0,1.0,1.0,1.0,1.0,1.0
0.0,0.0,0.0,0.0,0.0,0.0,0.0,0.0,0.0,0.7427,0.0,0.0,0.0,0.9866,0.939,0.6215,0.0,0.0,0.184,0.0286,0.0,0.0,0.0,0.0,0.0,1.0,0.0
0.0,0.0,0.0,0.0,0.9604,0.0,0.0,0.0,0.0,0.0,0.0,0.0,0.0,0.8852,0.0,0.1247,0.5485,0.6326,0.0,0.0,0.5968,0.0,1.0,0.0,1.0,1.0,0.0
0.0,0.0,0.0,0.0,0.0,0.0,0.0,0.0,0.0,0.0,0.0,0.0,0.0,0.0,0.0,0.0,0.0,0.0,0.0,0.0,0.0,1.0,1.0,0.0,1.0,1.0,1.0
0.0,0.0,0.0,0.8019,0.0,0.0,0.0,0.0,0.0,0.0,0.0,0.0,0.0,0.0,0.0,0.0,0.0,0.0,0.0,0.0,0.0,1.0,0.0,1.0,1.0,1.0,1.0
0.0,0.0,0.2974,0.7782,0.0661,0.0,0.0,0.0,0.0,0.3882,0.0,0.0,0.0,0.0,0.0,0.0,0.0,0.0,0.0,0.0,0.0,1.0,0.0,0.0,0.0,0.0,1.0
0.0,0.0,0.0,0.0,0.0,0.0,0.0,0.0,0.9378,0.4677,0.0,0.0,0.0,0.0,0.0,0.0,0.0,0.0,0.0,0.0,0.0,1.0,1.0,1.0,0.0,1.0,1.0
0.0,0.0,0.0,0.2903,0.6593,0.3271,0.0,0.0,0.0,0.0,0.0,0.0,0.0,0.0,0.0,0.0,0.0,0.0,0.0,0.0,0.0,1.0,0.0,0.0,1.0,1.0,1.0
0.0,0.0,0.0,0.0,0.0,0.0,0.0,0.0,0.0,0.0,0.0,0.0,0.0,0.0,0.0,0.0,0.0,0.0,0.0,0.0,0.0,1.0,1.0,1.0,1.0,1.0,1.0
0.0,0.0,0.0,0.0,0.0,0.0,0.0,0.0,0.0,0.0,0.0,0.0,0.0,0.0,0.0,0.0,0.0,0.0,0.0,0.0,0.0,1.0,1.0,1.0,1.0,1.0,1.0
0.6839,0.619,0.0,0.0,0.0,0.0,0.0,0.0,0.0,0.0,0.0,0.0,0.0,0.0,0.0,0.0,0.0,0.0,0.0,0.0,0.0,0.0,1.0,1.0,1.0,1.0,1.0
0.0,0.0,0.0,0.0,0.5459,0.3382,0.0,0.5962,0.0,0.0503,0.0,0.0,0.0,0.2019,0.0,0.4394,0.6795,0.0813,0.0,0.0309,0.0,0.0,0.0,0.0,0.0,1.0,0.0
0.0,0.0,0.0,0.0,0.0,0.0,0.0,0.0,0.0,0.0,0.0,0.0,0.0,0.0,0.0,0.0,0.0,0.0,0.0,0.0,0.0,1.0,1.0,1.0,1.0,1.0,1.0
0.0,0.0,0.0,0.0,0.0,0.5098,0.0,0.0,0.0,0.0,0.0,0.0,0.0,0.0,0.0,0.0,0.0,0.0,0.0,0.0,0.0,1.0,1.0,0.0,1.0,0.0,1.0
0.0,0.0,0.0,0.0,0.0,0.0,0.0,0.0,0.0,0.0,0.0,0.0,0.9964,0.0,0.0,0.0,0.0,0.0,0.0,0.0,0.0,1.0,1.0,1.0,1.0,0.0,1.0
0.0,0.0,0.0,0.0,0.0,0.0,0.0,0.0,0.0,0.0,0.9751,0.1809,0.0062,0.0,0.0,0.6181,0.0,0.0,0.0,0.0,0.0,1.0,1.0,1.0,1.0,0.0,0.0
0.0,0.0,0.0,0.0,0.0,0.0,0.0,0.0,0.0,0.0,0.0,0.0,0.0,0.0,0.0,0.0,0.0,0.0,0.0,0.0,0.0,1.0,1.0,1.0,1.0,1.0,1.0
0.0,0.0,0.4186,0.5591,0.0,0.0,0.0,0.0,0.0,0.0,0.0,0.0,0.0,0.0,0.6496,0.796,0.9447,0.0,0.1426,0.0,0.5685,1.0,0.0,1.0,1.0,0.0,0.0
0.0,0.0,0.0,0.0,0.0,0.0,0.0,0.2399,0.0,0.0,0.0,0.8038,0.0,0.0,0.0,0.0,0.0,0.0,0.0,0.0,0.0,1.0,1.0,1.0,0.0,0.0,1.0
0.0,0.0,0.0,0.0,0.0,0.0,0.7735,0.0,0.0577,0.0,0.0,0.0,0.0,0.0,0.0,0.0,0.0,0.0,0.0,0.0,0.0,1.0,1.0,1.0,0.0,1.0,1.0
0.0,0.0,0.0,0.0,0.0,0.8938,0.0,0.0,0.0,0.0,0.0,0.6602,0.0,0.0,0.0,0.0,0.0,0.0,0.0,0.0,0.0,1.0,1.0,0.0,1.0,0.0,1.0
0.0,0.8115,0.4473,0.0,0.0,0.0226,0.0,0.0,0.0,0.0,0.0,0.0,0.0,0.0,0.0,0.0,0.0,0.0,0.0,0.0,0.0,0.0,0.0,0.0,1.0,1.0,1.0
0.0,0.0,0.6763,0.0,0.0,0.0,0.0,0.0,0.0,0.0,0.0,0.0,0.0,0.0,0.0,0.7158,0.0,0.0,0.0,0.3095,0.1372,1.0,0.0,1.0,1.0,1.0,0.0
0.0,0.6657,0.0,0.0,0.0,0.0,0.0,0.0,0.0,0.0505,0.0,0.0,0.0,0.0,0.0,0.0,0.0,0.0,0.0,0.0,0.0,0.0,1.0,1.0,0.0,1.0,1.0
0.0,0.0,0.0,0.0,0.0,0.0,0.0,0.0,0.0,0.0,0.1837,0.0,0.0,0.0,0.0,0.0,0.0,0.0,0.0,0.0,0.0,1.0,1.0,1.0,1.0,0.0,1.0
0.2803,0.1147,0.4854,0.0,0.1571,0.0,0.9042,0.697,0.0,0.8632,0.0,0.0,0.0,0.0,0.0,0.0,0.0,0.0,0.0,0.0,0.0,0.0,0.0,0.0,0.0,0.0,1.0
0.0,0.0,0.0,0.0,0.0,0.0,0.0,0.0,0.0,0.0,0.0,0.0,0.0,0.0,0.0,0.0,0.0,0.0,0.0,0.0,0.0,1.0,0.0,1.0,1.0,1.0,1.0
0.0,0.0,0.0,0.0,0.0,0.0,0.0,0.0,0.0,0.0,0.0,0.0,0.0,0.0,0.0,0.0,0.0,0.0,0.0,0.0,0.0,1.0,1.0,1.0,1.0,1.0,1.0
0.0,0.0,0.0,0.0,0.0,0.0,0.0,0.0,0.0,0.0,0.0,0.0,0.0,0.0,0.0,0.3055,0.0,0.0762,0.0236,0.2399,0.0,1.0,1.0,0.0,1.0,1.0,0.0
0.0,0.0,0.2581,0.2329,0.0,0.0,0.6141,0.2925,0.4632,0.3977,0.0,0.0,0.0,0.0,0.0,0.0,0.0,0.0,0.0,0.0,0.0,1.0,0.0,1.0,0.0,1.0,1.0
0.6399,0.0,0.0,0.0,0.8056,0.0,0.18,0.7657,0.0,0.1807,0.0,0.0,0.0,0.0,0.0,0.3834,0.4239,0.8297,0.0,0.0,0.6217,0.0,1.0,0.0,0.0,1.0,0.0
0.0,0.0,0.0,0.0,0.0,0.0,0.0,0.0,0.0,0.0,0.0,0.0,0.0,0.0,0.0,0.0,0.0,0.0,0.0,0.0,0.0,1.0,1.0,1.0,1.0,1.0,1.0
0.0,0.982,0.9671,0.0,0.0,0.0,0.0,0.0,0.9812,0.0,0.057,0.1849,0.0,0.0,0.0,0.3739,0.0,0.0,0.0,0.0,0.0,0.0,0.0,1.0,0.0,0.0,0.0
0.2247,0.7153,0.0,0.0,0.6078,0.0,0.0,0.0,0.0504,0.8851,0.0,0.0,0.0,0.0,0.0,0.5556,0.0,0.0565,0.676,0.0,0.1755,0.0,1.0,0.0,0.0,1.0,0.0
0.0,0.0,0.0,0.0,0.0,0.0,0.4732,0.6549,0.4439,0.2493,0.0,0.0,0.0,0.0,0.0,0.0,0.0,0.0,0.0,0.0,0.0,1.0,1.0,1.0,0.0,1.0,1.0
0.0,0.0,0.0,0.0,0.5128,0.0,0.0,0.0,0.0,0.0,0.0,0.0,0.0,0.4932,0.6208,0.0,0.0,0.0,0.0976,0.0,0.0,1.0,0.0,0.0,1.0,1.0,0.0
0.0,0.0,0.0,0.9886,0.9142,0.0,0.0,0.0,0.0,0.0,0.0,0.0,0.0,0.0,0.3269,0.0,0.0,0.5196,0.0,0.7235,0.0,1.0,0.0,0.0,1.0,1.0,0.0
0.0,0.0,0.0,0.0,0.0,0.9123,0.0,0.4733,0.0,0.0,0.7509,0.5418,0.0,0.3273,0.9772,0.7165,0.5934,0.4922,0.0,0.0,0.267,1.0,1.0,0.0,0.0,0.0,0.0
0.0,0.0,0.0,0.0,0.0,0.0,0.0,0.0,0.0,0.0,0.0,0.3948,0.0,0.0,0.5027,0.0522,0.0,0.0,0.0938,0.0,0.0,1.0,1.0,1.0,1.0,0.0,0.0
0.0,0.0,0.0,0.0,0.0,0.0,0.0506,0.4082,0.7092,0.7782,0.0,0.0,0.0,0.0,0.0,0.0,0.0,0.0,0.0,0.0,0.0,1.0,1.0,1.0,0.0,1.0,1.0
0.0,0.0,0.0,0.0,0.0,0.0,0.0,0.0,0.0,0.0,0.0,0.0,0.0,0.0,0.0,0.0,0.0,0.0,0.0,0.0,0.0,1.0,1.0,1.0,1.0,1.0,1.0
0.0,0.0,0.0,0.5509,0.0,0.0,0.0,0.0,0.3265,0.0,0.0,0.0,0.0,0.8737,0.0,0.4454,0.5838,0.9146,0.0,0.0,0.4561,1.0,0.0,1.0,0.0,1.0,0.0
0.0,0.0,0.2134,0.0,0.0,0.0,0.0,0.0,0.0,0.0,0.5066,0.0,0.0,0.0,0.0,0.0,0.0,0.0,0.0,0.0,0.0,1.0,0.0,1.0,1.0,0.0,1.0
0.0,0.0,0.0,0.0,0.0,0.0,0.0,0.0,0.0,0.0,0.0,0.0,0.0,0.0,0.0,0.0,0.0,0.0,0.0,0.0,0.0,1.0,1.0,1.0,1.0,1.0,1.0
0.0,0.0,0.0,0.3063,0.0,0.0,0.0,0.0,0.0,0.0,0.0,0.0,0.0,0.0,0.0,0.0,0.0,0.0,0.0,0.0,0.0,1.0,0.0,1.0,1.0,1.0,1.0
0.0,0.0,0.0,0.0,0.0,0.0,0.0,0.0,0.0,0.0,0.0,0.0,0.0,0.6128,0.894,0.0,0.0,0.1787,0.0,0.0,0.3547,1.0,0.0,1.0,1.0,1.0,0.0
0.2595,0.0,0.0,0.0,0.0,0.0,0.0,0.3302,0.5592,0.4091,0.0,0.6244,0.3229,0.0,0.0,0.0,0.5859,0.9058,0.0,0.7075,0.9289,0.0,1.0,0.0,0.0,0.0,0.0
0.0,0.0,0.0,0.0,0.4403,0.0,0.0,0.0,0.0,0.0,0.4041,0.4478,0.0,0.0,0.0,0.0,0.0,0.0,0.0,0.0,0.0,1.0,1.0,0.0,1.0,0.0,1.0
0.0,0.0,0.0,0.0,0.0,0.0,0.0,0.0,0.0,0.0,0.0,0.0,0.0,0.0,0.0,0.0,0.0,0.0,0.0,0.0,0.0,1.0,1.0,1.0,1.0,1.0,1.0
0.0,0.0,0.0,0.0,0.0,0.0,0.0,0.0,0.0,0.0,0.0,0.0,0.0,0.0,0.0,0.0,0.0,0.0,0.0,0.0,0.0,1.0,1.0,1.0,1.0,1.0,1.0
0.0,0.0,0.0,0.0,0.0,0.0,0.0,0.0,0.0,0.0,0.0,0.0,0.2124,0.0,0.0,0.0,0.0,0.0,0.0,0.0,0.0,1.0,1.0,1.0,1.0,0.0,1.0
0.7323,0.0,0.0,0.0,0.0,0.0,0.2581,0.0,0.0,0.0,0.0,0.868,0.0,0.4685,0.0,0.6914,0.0,0.0602,0.0,0.0,0.5191,0.0,1.0,1.0,0.0,0.0,0.0
0.0,0.0,0.0,0.6436,0.0,0.0,0.6008,0.0,0.0,0.0,0.0,0.0,0.0,0.0,0.2242,0.0,0.0,0.0,0.7716,0.0,0.9351,0.0,0.0,0.0,0.0,1.0,0.0
0.0,0.0,0.0,0.0,0.0,0.0,0.0,0.0,0.0,0.0,0.0,0.608,0.3921,0.0,0.0,0.0,0.0,0.0,0.0,0.0,0.0,1.0,1.0,1.0,1.0,0.0,1.0
0.0,0.0,0.0,0.6549,0.3462,0.0,0.0,0.5435,0.0,0.0,0.5204,0.0927,0.0,0.8509,0.4115,0.7165,0.2781,0.0,0.4085,0.0,0.9739,1.0,0.0,0.0,0.0,0.0,0.0
0.0,0.0,0.9092,0.0,0.0,0.0,0.3523,0.5864,0.0229,0.9602,0.2999,0.8318,0.7953,0.0,0.0,0.0,0.0,0.0,0.0,0.0,0.0,1.0,0.0,1.0,0.0,0.0,1.0
0.6303,0.0,0.0,0.0,0.4189,0.7456,0.0794,0.1397,0.0,0.8898,0.0,0.6456,0.0,0.0,0.0,0.0,0.0,0.0,0.0,0.0,0.0,0.0,1.0,0.0,0.0,0.0,1.0
0.0,0.0,0.1333,0.9442,0.0,0.0,0.0,0.8026,0.9709,0.0,0.0,0.2467,0.4492,0.3504,0.0,0.7021,0.9299,0.1922,0.0,0.0,0.0,1.0,0.0,1.0,0.0,0.0,0.0
0.3274,0.0,0.0,0.0,0.0,0.0,0.0,0.0,0.0,0.0,0.0,0.0,0.0,0.1019,0.0,0.0857,0.058,0.8941,0.0258,0.0,0.8953,0.0,1.0,0.0,0.0,1.0,0.0
0.0,0.0,0.0,0.0,0.0,0.3974,0.0,0.0,0.0,0.0,0.8505,0.0,0.0,0.0,0.0,0.0,0.0,0.0,0.0,0.0,0.0,1.0,1.0,0.0,1.0,0.0,1.0
0.0,0.0208,0.0,0.0,0.0,0.0,0.0,0.0,0.0,0.0,0.0,0.0,0.0,0.0,0.0,0.0,0.0,0.0,0.0,0.0,0.0,0.0,1.0,0.0,0.0,1.0,1.0
0.0,0.0,0.0,0.0,0.0,0.0,0.0,0.0,0.0,0.0,0.0,0.0,0.0,0.0,0.0,0.0,0.0,0.0,0.0,0.0,0.0,1.0,1.0,1.0,1.0,1.0,1.0
0.0,0.0,0.0,0.0,0.0,0.0,0.0,0.0,0.0,0.0,0.0,0.0,0.0,0.9277,0.5954,0.0,0.0,0.0,0.4523,0.0,0.8724,1.0,1.0,0.0,1.0,1.0,0.0
0.0,0.0,0.0,0.0,0.0,0.0,0.0,0.0,0.0,0.0,0.0,0.0,0.0,0.8346,0.0,0.0,0.0,0.0,0.0,0.1567,0.0,1.0,1.0,1.0,1.0,1.0,0.0
0.0,0.0,0.0,0.1406,0.6138,0.298,0.0,0.0854,0.0,0.6967,0.0,0.0,0.0,0.0,0.0,0.0,0.0,0.0,0.0,0.0,0.0,1.0,0.0,0.0,0.0,1.0,1.0
0.0,0.0,0.24,0.0,0.0,0.0,0.0,0.0,0.0,0.0,0.3981,0.0128,0.0,0.0,0.0,0.0,0.0,0.0,0.0,0.0,0.0,1.0,0.0,1.0,1.0,0.0,1.0
0.0,0.0,0.0,0.0,0.7339,0.0,0.9393,0.0,0.0,0.2486,0.3428,0.0,0.6281,0.6116,0.0,0.0,0.0,0.0,0.0,0.0,0.8492,1.0,0.0,0.0,0.0,0.0,0.0
0.0,0.0,0.0,0.0,0.0,0.0,0.6027,0.0,0.0,0.0782,0.0,0.0,0.0,0.0,0.0,0.0,0.0,0.0,0.0,0.0,0.0,1.0,1.0,1.0,0.0,1.0,1.0
0.0,0.0,0.0,0.0,0.0,0.0,0.0,0.0,0.0,0.0,0.4494,0.0173,0.0,0.0,0.0,0.0,0.0,0.0,0.0,0.0,0.0,1.0,1.0,1.0,1.0,0.0,1.0
0.0,0.0,0.0,0.0,0.0,0.3859,0.0,0.0,0.0,0.0,0.0,0.0,0.0,0.0,0.5502,0.5088,0.6188,0.9752,0.0707,0.0,0.2256,1.0,0.0,0.0,0.0,0.0,0.0
0.0,0.2446,0.0,0.0,0.0,0.0,0.0,0.0,0.0,0.0,0.0,0.0,0.0,0.0,0.0,0.0,0.0,0.0,0.641,0.3543,0.8815,0.0,1.0,1.0,1.0,1.0,0.0
0.0,0.0,0.0,0.1939,0.0,0.912,0.7186,0.674,0.6358,0.0,0.0,0.0,0.0,0.0,0.0,0.0,0.0,0.0,0.0,0.0,0.0,1.0,0.0,0.0,0.0,1.0,1.0
0.0,0.0,0.0,0.0,0.0,0.0,0.0,0.0,0.0,0.0,0.0,0.0,0.0,0.0,0.0,0.0,0.0,0.0,0.0,0.0,0.0,1.0,1.0,1.0,1.0,1.0,1.0
0.0,0.0703,0.0,0.0,0.0,0.0,0.8678,0.0,0.6003,0.0,0.4612,0.3078,0.0,0.0,0.0,0.0,0.0,0.0,0.0,0.0,0.0,0.0,1.0,1.0,0.0,0.0,1.0
0.6908,0.0,0.0,0.933,0.0,0.0,0.0,0.0,0.035,0.9196,0.0,0.0,0.0,0.0,0.4,0.0,0.9257,0.0,0.7932,0.1832,0.2764,0.0,0.0,1.0,0.0,0.0,0.0
0.0,0.0,0.0,0.0,0.8308,0.0,0.0,0.0,0.0,0.0,0.0605,0.8393,0.0,0.5152,0.0,0.7302,0.0,0.4337,0.0255,0.0,0.0,1.0,1.0,0.0,1.0,0.0,0.0
0.0,0.0,0.0,0.9185,0.0,0.0,0.0,0.0,0.0,0.0,0.3112,0.0,0.0,0.0,0.0,0.0,0.0,0.0,0.0,0.0,0.0,0.0,0.0,0.0,1.0,0.0,1.0
0.0,0.9425,0.0,0.3606,0.0,0.4112,0.0,0.0,0.451,0.0,0.0,0.8625,0.0,0.0,0.0,0.0,0.0,0.0,0.0,0.0,0.0,0.0,0.0,0.0,0.0,0.0,1.0
0.0,0.0,0.0,0.0,0.0,0.0,0.0,0.0,0.0,0.0,0.0,0.0,0.0,0.0,0.0,0.0,0.0,0.0,0.0,0.0,0.0,1.0,1.0,1.0,1.0,1.0,1.0
0.0,0.0,0.0,0.0,0.0,0.0,0.0,0.0,0.0,0.0,0.0,0.0,0.0,0.4394,0.0,0.0,0.0,0.0,0.0,0.0,0.0,1.0,1.0,1.0,1.0,1.0,0.0
0.0,0.0,0.5149,0.2769,0.0,0.0,0.0,0.0,0.0,0.0,0.0,0.0,0.0,0.0,0.0,0.0,0.0,0.0,0.0,0.0,0.0,1.0,0.0,1.0,1.0,1.0,1.0
0.0,0.0,0.0,0.0,0.6023,0.0,0.0,0.0,0.0,0.0,0.0,0.0,0.0,0.0,0.0,0.0,0.0,0.0,0.0,0.0,0.0,1.0,1.0,0.0,1.0,1.0,1.0
0.0,0.0,0.0,0.0,0.0,0.0,0.0,0.0,0.0,0.0,0.0,0.0,0.0,0.0,0.0,0.0,0.0,0.0,0.0,0.0,0.0,1.0,1.0,1.0,1.0,1.0,1.0
0.0,0.0,0.0,0.0,0.0,0.0,0.0,0.0,0.0,0.0,0.0,0.0,0.0,0.0,0.8991,0.3857,0.4472,0.912,0.9058,0.6785,0.0,1.0,1.0,0.0,1.0,1.0,0.0
0.0,0.4925,0.0,0.0,0.0,0.9449,0.0,0.0,0.0,0.0,0.0,0.2957,0.0,0.8467,0.8773,0.2869,0.0,0.0,0.0,0.9251,0.9267,0.0,1.0,0.0,1.0,0.0,0.0
0.0,0.0,0.0,0.0,0.0,0.0,0.2204,0.0866,0.1479,0.0,0.0,0.0,0.0,0.0,0.0,0.0,0.0,0.0,0.0,0.0,0.0,1.0,1.0,1.0,0.0,1.0,1.0
0.0,0.0,0.0,0.0,0.0,0.0,0.0,0.0,0.0,0.0,0.0,0.0,0.0,0.0,0.0,0.0,0.0,0.0,0.0,0.0,0.0,1.0,1.0,1.0,1.0,1.0,1.0
0.9699,0.0,0.0,0.0,0.0,0.0,0.4627,0.0,0.2951,0.0,0.0,0.0,0.0,0.0,0.0,0.0,0.0,0.0,0.0,0.0,0.0,0.0,1.0,0.0,0.0,1.0,1.0
0.0,0.0,0.0,0.0,0.0,0.0,0.0,0.0,0.0,0.0,0.4128,0.4872,0.0,0.0,0.0,0.0,0.0,0.0,0.0,0.0,0.0,1.0,0.0,1.0,1.0,0.0,1.0
0.0,0.0,0.0,0.0,0.0,0.0,0.0,0.0018,0.0,0.0,0.0,0.0,0.0,0.0,0.0,0.0,0.0,0.0,0.0,0.0,0.0,1.0,1.0,1.0,0.0,1.0,1.0
0.0,0.0,0.9769,0.0,0.0,0.0,0.0,0.1803,0.6553,0.0,0.4374,0.8056,0.0,0.0,0.0,0.0,0.0,0.0,0.0,0.0,0.0,1.0,0.0,1.0,0.0,0.0,1.0
0.0,0.0,0.0,0.0,0.0,0.0,0.0,0.0,0.0,0.0,0.0,0.0,0.0,0.0,0.0,0.0,0.0,0.0,0.0,0.0,0.0,1.0,1.0,1.0,1.0,1.0,1.0
0.0,0.7759,0.0,0.0,0.0,0.7582,0.5743,0.0,0.0,0.7549,0.0,0.0,0.0,0.0,0.0,0.0,0.615,0.0,0.0,0.705,0.3986,0.0,0.0,0.0,0.0,1.0,0.0
0.0,0.2975,0.0,0.0,0.4929,0.0,0.7925,0.0,0.3665,0.358,0.0,0.0,0.0,0.0,0.9572,0.0213,0.7652,0.0,0.2967,0.2178,0.9506,0.0,1.0,0.0,0.0,1.0,0.0
0.0,0.8277,0.3972,0.4677,0.8766,0.0,0.9932,0.1539,0.9228,0.0,0.0,0.0,0.0,0.0,0.0,0.0,0.0,0.0,0.0,0.0,0.0,0.0,0.0,0.0,0.0,1.0,1.0
0.3647,0.6431,0.0,0.1418,0.0,0.0,0.0,0.0,0.0,0.0807,0.6496,0.4231,0.0673,0.0,0.0,0.0,0.0,0.0,0.0,0.0,0.0,0.0,0.0,1.0,0.0,0.0,1.0
0.0,0.0,0.1679,0.0,0.0,0.0,0.0,0.0,0.0,0.0,0.9922,0.8974,0.0,0.0,0.0,0.0,0.0,0.0,0.0,0.0,0.0,1.0,0.0,1.0,1.0,0.0,1.0
0.0,0.0,0.0,0.0,0.4116,0.3538,0.0,0.0,0.0,0.0,0.0,0.0,0.0,0.8883,0.5386,0.8089,0.0,0.0,0.2604,0.0,0.7814,1.0,1.0,0.0,1.0,1.0,0.0
0.4933,0.7451,0.6805,0.6894,0.0,0.0,0.0,0.0,0.0,0.0,0.0,0.0,0.0,0.0,0.0,0.0,0.0,0.0,0.0,0.0,0.0,0.0,0.0,1.0,1.0,1.0,1.0
0.0,0.0,0.0,0.0,0.0,0.4477,0.9078,0.4361,0.0,0.0,0.0,0.0679,0.8866,0.0,0.0,0.0,0.0,0.297,0.0,0.0,0.6902,0.0,1.0,0.0,0.0,0.0,0.0
0.0,0.0,0.0,0.6076,0.7458,0.0,0.0,0.0,0.0,0.0,0.0,0.0,0.0,0.0,0.988,0.0,0.0,0.6925,0.0,0.0,0.0,1.0,0.0,0.0,1.0,1.0,0.0
0.0,0.0,0.0,0.0,0.0,0.0,0.0,0.0,0.0,0.0,0.0,0.1966,0.3018,0.0,0.0,0.0,0.0,0.0,0.0,0.0,0.0,1.0,1.0,1.0,1.0,0.0,1.0
0.0,0.4147,0.0,0.0,0.0,0.0,0.0,0.0,0.0,0.0,0.0,0.9939,0.0,0.0,0.0,0.0,0.0,0.0,0.0,0.0,0.0,0.0,0.0,0.0,1.0,0.0,1.0
0.0,0.0,0.0,0.0,0.6422,0.4593,0.0,0.9342,0.0,0.6471,0.0,0.051,0.2146,0.0,0.0,0.0,0.4247,0.2248,0.0253,0.0,0.0,1.0,0.0,0.0,0.0,0.0,0.0
0.0,0.0,0.0,0.0,0.0,0.0,0.0,0.0,0.0,0.0,0.0,0.0,0.0,0.0,0.0,0.0,0.0,0.0,0.0,0.0,0.0,1.0,1.0,1.0,1.0,1.0,1.0
0.0,0.0,0.0,0.2086,0.7426,0.7997,0.9394,0.0,0.4455,0.7468,0.0,0.0,0.585,0.0,0.0,0.0,0.0,0.0,0.0,0.0,0.0,1.0,0.0,0.0,0.0,0.0,1.0
0.0,0.0,0.0,0.0,0.0,0.0,0.0,0.0,0.0,0.0,0.0,0.0,0.0,0.0,0.0,0.0,0.0,0.0,0.0,0.0,0.0,1.0,1.0,1.0,1.0,1.0,1.0
0.0,0.0,0.0,0.5523,0.0,0.0,0.8947,0.0,0.0,0.0,0.0,0.0,0.0,0.0,0.0,0.0,0.0,0.0,0.4409,0.0917,0.0,1.0,0.0,1.0,0.0,1.0,0.0
0.0,0.0,0.0,0.0,0.0,0.0,0.0,0.0,0.0,0.0,0.0,0.0,0.0,0.2423,0.0,0.0425,0.9483,0.0548,0.5661,0.0,0.0313,1.0,1.0,1.0,1.0,1.0,0.0
0.1288,0.1549,0.0,0.1467,0.8786,0.0,0.8962,0.0,0.9058,0.6533,0.0,0.0,0.0,0.0532,0.1367,0.0,0.0,0.0,0.9608,0.0,0.0366,0.0,0.0,0.0,0.0,1.0,0.0
0.0,0.0,0.0,0.2157,0.0,0.0,0.0,0.0,0.0,0.0,0.0,0.1123,0.0,0.2785,0.6847,0.0,0.1036,0.0,0.7747,0.0,0.0,1.0,0.0,1.0,1.0,0.0,0.0
0.0,0.0,0.2576,0.3759,0.0,0.0,0.9406,0.1257,0.0,0.137,0.2911,0.0,0.0649,0.0,0.0,0.0,0.0,0.0,0.0,0.0,0.0,1.0,0.0,1.0,0.0,0.0,1.0
0.0,0.0,0.0,0.0,0.0,0.9039,0.0,0.0,0.0,0.0,0.0,0.0,0.0,0.0,0.0,0.0,0.0,0.0,0.0,0.0,0.0,1.0,1.0,0.0,1.0,1.0,1.0
0.0,0.0,0.9391,0.8957,0.0,0.0,0.478,0.0073,0.5606,0.0,0.5221,0.0753,0.0,0.0,0.0,0.3933,0.0,0.4858,0.2314,0.0,0.0,1.0,0.0,0.0,0.0,0.0,0.0
0.0,0.0,0.0695,0.8792,0.0,0.0,0.0,0.0,0.0,0.0,0.0,0.0,0.0,0.9089,0.0,0.0,0.0,0.0148,0.0,0.6481,0.3543,1.0,0.0,1.0,1.0,1.0,0.0
0.0,0.0,0.0,0.0,0.0,0.0,0.0,0.0,0.0,0.0,0.0,0.0,0.3555,0.0,0.0,0.0,0.0,0.0,0.0,0.0,0.0,1.0,1.0,1.0,1.0,0.0,1.0
0.0,0.7492,0.0,0.0,0.0628,0.8521,0.0,0.0,0.0,0.0,0.9827,0.8455,0.7321,0.4629,0.5603,0.0055,0.0,0.971,0.0,0.0,0.2986,0.0,1.0,0.0,1.0,0.0,0.0
0.0,0.0,0.0,0.0,0.1364,0.3924,0.0,0.3494,0.0,0.6842,0.0,0.0,0.0,0.18,0.5387,0.0,0.6697,0.0057,0.257,0.0,0.0,1.0,1.0,0.0,0.0,1.0,0.0
0.0,0.1031,0.0,0.0,0.0,0.0,0.0,0.0,0.0,0.0,0.0,0.0,0.0,0.0,0.0,0.0,0.0,0.0,0.0,0.0,0.0,0.0,1.0,1.0,1.0,1.0,1.0
0.3054,0.8138,0.0,0.0,0.0,0.0,0.5734,0.0,0.6207,0.0,0.7425,0.0,0.0636,0.0,0.0,0.0,0.0,0.0,0.0,0.0,0.0,0.0,1.0,1.0,0.0,0.0,1.0
0.0,0.0,0.7272,0.415,0.0,0.0,0.0,0.0,0.2398,0.0,0.0,0.0,0.0,0.0,0.0,0.0,0.0,0.0,0.0,0.0,0.0,1.0,0.0,1.0,0.0,1.0,1.0
0.0,0.0,0.0,0.0,0.0,0.0,0.0,0.0,0.0,0.0,0.0,0.0,0.0,0.0,0.0,0.0,0.0,0.0,0.0,0.0,0.0,1.0,1.0,1.0,1.0,1.0,1.0
0.0,0.0,0.0,0.0,0.0,0.0,0.0,0.4126,0.0,0.6008,0.0,0.0,0.0,0.0,0.0,0.0,0.0,0.0,0.0,0.0,0.0,1.0,1.0,1.0,0.0,1.0,1.0
0.0,0.5188,0.2825,0.2588,0.0,0.0,0.0,0.0,0.0,0.0,0.0,0.0,0.9414,0.798,0.0,0.5716,0.0,0.0783,0.0,0.0,0.0,0.0,0.0,1.0,1.0,0.0,0.0
0.0,0.0,0.0,0.0,0.8546,0.1665,0.0,0.0,0.0,0.0,0.0,0.0,0.0,0.0,0.0,0.0,0.0,0.0,0.0,0.0,0.0,1.0,1.0,0.0,1.0,1.0,1.0
0.4766,0.3718,0.0,0.0,0.0,0.0,0.1609,0.0325,0.0,0.9389,0.0,0.0,0.0,0.9856,0.0,0.8029,0.9431,0.0,0.0622,0.7059,0.0339,0.0,0.0,1.0,0.0,1.0,0.0
0.0,0.7235,0.5564,0.0,0.321,0.5272,0.0,0.0,0.0,0.0,0.0,0.0,0.0,0.4802,0.0,0.2163,0.0,0.1638,0.8645,0.0,0.1359,0.0,0.0,0.0,1.0,0.0,0.0
0.0,0.0,0.1295,0.0,0.0,0.0,0.0,0.3131,0.0,0.364,0.0,0.0,0.0,0.0,0.3533,0.3629,0.7396,0.6423,0.664,0.0,0.0,0.0,0.0,1.0,0.0,1.0,0.0
0.7518,0.2548,0.0,0.0,0.3678,0.0,0.0,0.5455,0.0933,0.0,0.7126,0.9433,0.522,0.5642,0.6533,0.0,0.0,0.0,0.8823,0.0275,0.0,0.0,1.0,0.0,0.0,0.0,0.0
0.0,0.0,0.9046,0.0,0.0,0.0,0.0,0.0,0.0,0.0,0.825,0.0,0.8037,0.0,0.691,0.0,0.0,0.4002,0.0,0.1266,0.0,1.0,0.0,0.0,1.0,0.0,0.0
0.0,0.0,0.0,0.0,0.0,0.0,0.0,0.0,0.0,0.0,0.9579,0.5563,0.776,0.5361,0.0,0.0227,0.3511,0.0,0.0,0.3525,0.0,1.0,1.0,1.0,1.0,0.0,0.0
0.0,0.0,0.2205,0.4706,0.0,0.0,0.0,0.1057,0.8679,0.5761,0.0,0.078,0.5532,0.0,0.1806,0.0889,0.9729,0.9337,0.6118,0.0,0.0,0.0,0.0,1.0,0.0,0.0,0.0
0.0,0.0,0.0,0.0,0.0,0.0,0.0,0.0,0.0,0.0,0.0,0.0,0.0,0.0,0.0,0.0,0.0,0.0,0.0,0.0,0.0,1.0,1.0,1.0,1.0,1.0,1.0
0.813,0.4283,0.4383,0.0,0.0,0.0,0.7844,0.6447,0.7846,0.0,0.0,0.0,0.0,0.0,0.0,0.0,0.0,0.0,0.0,0.0,0.0,0.0,0.0,1.0,0.0,1.0,1.0
0.0,0.0,0.802,0.8349,0.0,0.0,0.0,0.0,0.0,0.0,0.0526,0.3209,0.0,0.0,0.052,0.0,0.0,0.0,0.3443,0.0,0.0,1.0,0.0,0.0,1.0,0.0,0.0
0.0,0.9648,0.0,0.0,0.0,0.0,0.0,0.0,0.0,0.0,0.0,0.0,0.0,0.0,0.7193,0.0,0.8466,0.5407,0.6818,0.2094,0.0056,0.0,1.0,1.0,1.0,1.0,0.0
0.9111,0.1887,0.9118,0.0,0.0,0.0,0.0,0.0,0.6129,0.7334,0.1891,0.2527,0.0,0.0134,0.0,0.0,0.3746,0.999,0.9547,0.2229,0.0902,0.0,0.0,1.0,0.0,0.0,0.0
0.0,0.0,0.0,0.0,0.0,0.0,0.7116,0.0,0.0,0.8126,0.0,0.5024,0.0,0.3205,0.1655,0.8899,0.5006,0.0,0.1504,0.0,0.0,1.0,1.0,0.0,0.0,0.0,0.0
0.3957,0.2915,0.0,0.0,0.0,0.0,0.0,0.0,0.1622,0.0,0.6376,0.3979,0.0,0.0,0.0081,0.3855,0.0,0.969,0.7717,0.7272,0.0,0.0,0.0,1.0,0.0,0.0,0.0
0.0,0.0,0.0,0.0,0.0,0.0,0.0,0.0,0.0,0.0,0.0,0.0,0.0,0.0,0.0,0.0,0.0,0.0,0.0,0.0,0.0,1.0,1.0,1.0,1.0,1.0,1.0
0.0,0.0,0.0,0.0,0.6557,0.0,0.0,0.0,0.0,0.0,0.0,0.0,0.0,0.0,0.0,0.0,0.0,0.0,0.0,0.0,0.0,1.0,1.0,0.0,1.0,1.0,1.0
0.9301,0.5047,0.4462,0.0,0.0,0.9609,0.0,0.0,0.0,0.0,0.8609,0.0,0.2796,0.0,0.0,0.0,0.0,0.3374,0.0,0.0,0.8327,0.0,0.0,0.0,1.0,0.0,0.0
0.0,0.0,0.0,0.0,0.0,0.0,0.0,0.0,0.0,0.0,0.0,0.0,0.0,0.0,0.0,0.0,0.0,0.0,0.0,0.0,0.0,1.0,1.0,1.0,1.0,1.0,1.0
0.0,0.0,0.0,0.1692,0.9303,0.0,0.0,0.0,0.0,0.0,0.3656,0.0,0.8685,0.0,0.0,0.0,0.0,0.0,0.0,0.0,0.0,1.0,0.0,0.0,1.0,0.0,1.0
0.0,0.0,0.0,0.0,0.7513,0.0,0.0,0.0,0.0,0.0,0.0,0.0,0.0,0.0,0.0,0.7716,0.0,0.6636,0.0,0.2154,0.0,1.0,1.0,0.0,1.0,1.0,0.0
0.0,0.0,0.0,0.0,0.0,0.0,0.0,0.0,0.0,0.0,0.0,0.0,0.0,0.0,0.0,0.0,0.0,0.0,0.0,0.0,0.0,1.0,1.0,1.0,1.0,1.0,1.0
0.8447,0.0,0.2416,0.0,0.7094,0.0,0.4653,0.792,0.4192,0.8445,0.0,0.0,0.0,0.624,0.856,0.0,0.0,0.0,0.0,0.0,0.0,0.0,0.0,0.0,0.0,1.0,0.0
0.0,0.0,0.0,0.0,0.0,0.0,0.0,0.9518,0.7693,0.3081,0.0,0.0,0.0,0.0,0.0,0.0,0.0,0.0,0.0,0.0,0.0,1.0,1.0,1.0,0.0,1.0,1.0
0.3609,0.0619,0.4749,0.0,0.0,0.0,0.0,0.0,0.0,0.0,0.0,0.0,0.0,0.0,0.0,0.0,0.0,0.0,0.0,0.0,0.0,0.0,0.0,1.0,1.0,1.0,1.0
0.0,0.0,0.2296,0.163,0.0,0.0,0.0,0.0,0.0,0.0,0.0,0.0,0.0,0.9273,0.0,0.8823,0.7272,0.7623,0.1162,0.0,0.0068,1.0,0.0,1.0,1.0,1.0,0.0
0.0,0.2993,0.0,0.0,0.0,0.0,0.0,0.0,0.0,0.0,0.6636,0.0,0.9208,0.0,0.0,0.0,0.0,0.0,0.0,0.0,0.0,0.0,1.0,1.0,1.0,0.0,1.0
0.8922,0.0,0.0,0.0,0.0,0.0,0.0,0.0,0.3708,0.0,0.3847,0.0,0.0,0.0,0.0,0.0,0.0,0.0,0.0,0.0,0.0,0.0,1.0,1.0,0.0,0.0,1.0
0.0,0.0,0.0,0.0,0.0,0.0,0.0,0.0,0.0,0.0,0.0,0.0,0.0,0.0,0.0,0.0,0.0,0.0,0.0,0.0,0.0,1.0,1.0,1.0,1.0,1.0,1.0
0.0,0.0,0.0,0.0,0.0,0.0,0.0,0.0,0.0,0.0,0.0,0.0,0.0,0.0,0.0,0.0,0.0,0.0,0.0,0.0,0.0,1.0,1.0,1.0,1.0,1.0,1.0
0.1869,0.339,0.1094,0.0,0.0,0.3372,0.0,0.0,0.0,0.0,0.9737,0.1083,0.0,0.0,0.0,0.0,0.0,0.0,0.0,0.0,0.0,0.0,0.0,0.0,1.0,0.0,1.0
0.0,0.0,0.8722,0.0,0.5035,0.0,0.2982,0.0,0.0,0.0,0.0,0.0,0.0,0.0,0.7472,0.0,0.3139,0.6153,0.5411,0.0,0.9681,0.0,0.0,0.0,0.0,1.0,0.0
0.4705,0.0,0.0,0.0,0.0,0.0,0.0,0.0,0.0,0.0,0.0,0.0,0.0,0.8587,0.0,0.8543,0.5517,0.7668,0.0,0.0,0.0,0.0,1.0,1.0,1.0,1.0,0.0
0.0,0.0,0.0,0.0,0.0,0.0,0.0,0.0,0.0,0.0,0.0,0.0,0.0,0.0,0.0,0.0,0.0,0.0,0.0,0.0,0.0,0.0,1.0,1.0,1.0,1.0,1.0
0.0,0.0,0.0,0.0,0.0,0.0,0.0,0.0,0.0,0.0,0.0,0.0,0.0,0.0,0.0,0.0,0.0,0.0,0.0,0.0,0.0,1.0,1.0,1.0,1.0,1.0,1.0
0.0,0.0,0.0,0.0,0.0,0.0,0.0,0.0,0.8726,0.5553,0.0,0.0,0.0,0.0,0.0,0.0,0.0,0.0,0.0,0.0,0.0,1.0,1.0,1.0,0.0,1.0,1.0
0.4078,0.118,0.5454,0.0,0.0,0.945,0.0,0.0,0.0,0.0,0.0,0.0,0.0,0.0,0.0,0.0,0.0,0.7135,0.0,0.0952,0.0,0.0,0.0,0.0,1.0,1.0,0.0
0.0,0.0,0.0,0.0,0.0,0.0,0.0,0.0,0.0,0.0,0.0,0.0,0.0,0.0,0.0,0.0,0.0,0.0,0.0,0.0,0.0,1.0,1.0,1.0,1.0,1.0,1.0
0.0,0.1879,0.2569,0.0,0.283,0.0,0.0,0.0,0.0,0.0,0.0,0.0,0.0,0.0575,0.0,0.0537,0.5414,0.0,0.3727,0.8168,0.9004,0.0,0.0,0.0,1.0,0.0,0.0
0.0,0.0,0.0,0.0,0.0,0.0,0.0,0.0,0.0,0.0,0.0,0.0,0.0,0.0,0.0,0.0,0.0,0.0,0.0,0.0,0.0,1.0,1.0,1.0,1.0,1.0,1.0
0.0,0.0,0.0,0.9329,0.0,0.0,0.0,0.0,0.0,0.0,0.0919,0.0,0.6308,0.3422,0.0,0.0,0.0,0.5189,0.0,0.0,0.3159,1.0,0.0,1.0,1.0,0.0,0.0
0.4351,0.9274,0.0,0.0,0.0,0.0,0.0,0.6784,0.3061,0.0,0.0,0.0,0.0,0.0,0.0,0.2964,0.4303,0.5493,0.0,0.0,0.0,0.0,0.0,1.0,0.0,1.0,0.0
0.0,0.0,0.0,0.0,0.0,0.0,0.0,0.0,0.0,0.0,0.0,0.2639,0.0,0.992,0.0,0.1836,0.9115,0.0,0.0,0.0,0.2069,1.0,1.0,1.0,1.0,0.0,0.0
0.0,0.5986,0.0,0.0,0.0,0.0,0.0,0.0,0.0,0.0,0.0,0.0,0.797,0.0,0.0,0.0,0.0,0.0,0.0,0.0,0.0,0.0,1.0,0.0,1.0,0.0,1.0
0.0,0.0,0.0,0.0,0.0,0.0,0.5366,0.6265,0.3608,0.1413,0.0,0.0,0.0,0.0,0.0,0.0,0.0,0.0,0.0,0.0,0.0,1.0,1.0,1.0,0.0,1.0,1.0
0.2527,0.7902,0.6754,0.0,0.0,0.0,0.0,0.0,0.0,0.0,0.2808,0.0,0.0,0.0,0.0,0.0,0.0,0.0,0.0,0.0,0.0,0.0,0.0,1.0,1.0,0.0,1.0
0.768,0.8224,0.0,0.0,0.0,0.0,0.333,0.4758,0.5209,0.8233,0.2669,0.6565,0.0,0.0,0.0,0.0,0.0,0.0,0.0,0.0,0.0,0.0,1.0,1.0,0.0,0.0,1.0
0.0,0.7783,0.0,0.0,0.0,0.0,0.0,0.0,0.0,0.0,0.0,0.5373,0.0,0.398,0.4719,0.8677,0.0,0.8521,0.1988,0.9596,0.6288,0.0,0.0,0.0,1.0,0.0,0.0
0.3633,0.3377,0.0,0.0,0.343,0.0,0.0,0.0,0.0,0.0,0.8271,0.6384,0.494,0.0,0.9125,0.0,0.1681,0.0,0.0217,0.4303,0.865,0.0,1.0,0.0,0.0,0.0,0.0
0.0,0.0,0.0,0.8163,0.0,0.0,0.0,0.0,0.0,0.0,0.0,0.0,0.0,0.0,0.0,0.0,0.0,0.0,0.0,0.0,0.0,1.0,0.0,1.0,1.0,1.0,1.0
0.9791,0.6142,0.0,0.0,0.0,0.7392,0.0,0.0,0.0,0.0335,0.0,0.0,0.9949,0.0,0.0,0.0,0.0,0.0,0.0,0.0,0.0,0.0,0.0,0.0,0.0,0.0,1.0
0.0,0.0,0.0,0.0,0.0,0.0,0.0,0.0,0.0,0.0,0.0,0.0,0.0,0.0,0.0,0.0,0.0,0.0,0.0,0.0,0.0,1.0,1.0,1.0,1.0,1.0,1.0
0.0,0.0,0.0,0.0,0.0,0.0,0.2917,0.0,0.0,0.7108,0.0917,0.4692,0.0,0.0,0.0,0.0,0.0,0.0,0.0,0.0,0.0,1.0,0.0,1.0,0.0,0.0,1.0
0.5181,0.0,0.0,0.0,0.0,0.0,0.0635,0.0,0.0,0.2927,0.0,0.6319,0.0719,0.0,0.1012,0.0,0.0,0.0,0.6947,0.1504,0.5368,0.0,1.0,0.0,0.0,0.0,0.0
0.0,0.0,0.0,0.0,0.0,0.0,0.0,0.0,0.0,0.0,0.0,0.0,0.0,0.0,0.0,0.0,0.0,0.0,0.0,0.0,0.0,1.0,1.0,1.0,1.0,1.0,1.0
0.0,0.0,0.0,0.8485,0.0,0.0,0.0,0.0,0.0,0.0,0.0,0.0,0.0,0.0,0.0,0.0,0.0,0.0,0.0,0.0,0.0,1.0,0.0,1.0,1.0,1.0,1.0
0.0,0.0068,0.0,0.0,0.0,0.0,0.0,0.0,0.0,0.0,0.0,0.0,0.0,0.5006,0.0,0.6386,0.0898,0.0,0.4131,0.913,0.0181,0.0,1.0,1.0,1.0,1.0,0.0
0.0,0.4648,0.4767,0.9103,0.0,0.0,0.0,0.0,0.0,0.0,0.0,0.0,0.0,0.0,0.1226,0.0,0.0,0.0,0.6454,0.9685,0.0,0.0,0.0,0.0,1.0,1.0,0.0
0.0,0.0007,0.9514,0.5478,0.0,0.0,0.1882,0.0,0.0,0.9156,0.4609,0.0,0.0,0.0,0.0,0.0,0.0,0.0,0.0,0.0,0.0,0.0,0.0,1.0,0.0,0.0,1.0
0.0,0.0,0.0,0.0,0.0,0.0,0.0,0.0,0.0,0.0,0.0,0.0,0.0,0.0,0.0,0.0,0.0,0.0,0.0,0.0,0.0,1.0,1.0,1.0,1.0,1.0,1.0
0.0,0.0,0.0,0.0,0.0,0.0,0.0,0.0,0.0,0.0,0.0,0.0,0.0,0.0,0.0,0.0,0.0,0.0,0.0,0.0,0.0,1.0,1.0,1.0,1.0,1.0,1.0
0.0,0.0,0.0,0.0,0.0,0.0,0.0,0.0,0.5295,0.7691,0.0,0.0,0.0,0.0,0.0,0.0,0.0,0.0,0.0,0.0,0.0,1.0,1.0,1.0,0.0,1.0,1.0
0.0,0.9639,0.0,0.0,0.0,0.508,0.9668,0.0,0.7255,0.0,0.0,0.426,0.0,0.0,0.0,0.0,0.0,0.0,0.0,0.0,0.0,0.0,1.0,0.0,0.0,0.0,1.0
0.0,0.0,0.0,0.0,0.0,0.0,0.0,0.0,0.0,0.0,0.0,0.0,0.0,0.0,0.0,0.0,0.0,0.0,0.0,0.0,0.0,1.0,1.0,1.0,1.0,1.0,1.0
0.0,0.3482,0.3496,0.654,0.0,0.0,0.0,0.0,0.0,0.0,0.0,0.1141,0.0,0.0,0.9607,0.3586,0.0,0.8689,0.3613,0.0,0.0,0.0,0.0,0.0,1.0,0.0,0.0
0.5732,0.0,0.0,0.7059,0.3593,0.4138,0.0,0.0,0.0,0.0,0.0,0.0,0.8356,0.0,0.0,0.0,0.0,0.0,0.0,0.0,0.0,0.0,0.0,0.0,1.0,0.0,1.0
0.0,0.0,0.0,0.0,0.0,0.0,0.0,0.0,0.0,0.0,0.0,0.0,0.0,0.0,0.0,0.0,0.0,0.0,0.0,0.0,0.0,1.0,1.0,1.0,1.0,1.0,1.0
0.0,0.0,0.2674,0.0,0.0,0.0,0.0,0.0,0.0,0.0,0.0,0.3175,0.0,0.0,0.0,0.0,0.0,0.0,0.0,0.0,0.0,1.0,0.0,1.0,1.0,0.0,1.0
0.0,0.3146,0.0,0.0,0.0,0.6798,0.0716,0.0,0.0246,0.0,0.0,0.0,0.0,0.5314,0.0,0.0,0.0,0.2379,0.0,0.0188,0.0,0.0,0.0,0.0,0.0,1.0,0.0
0.0,0.0,0.0,0.0,0.0,0.0,0.0,0.0,0.0,0.0,0.0,0.0,0.0,0.0,0.0,0.0,0.0,0.0,0.0,0.0,0.0,1.0,1.0,1.0,1.0,0.0,1.0
0.0,0.0,0.0,0.0,0.3149,0.3569,0.0,0.0,0.0,0.0,0.0,0.0,0.0,0.0,0.0,0.0,0.0,0.0,0.0,0.0,0.0,1.0,1.0,0.0,1.0,1.0,1.0
0.0,0.0,0.0,0.0,0.0,0.0,0.0,0.0,0.0,0.0,0.0,0.0,0.0,0.7144,0.5244,0.0,0.0,0.0,0.0,0.0,0.0,1.0,1.0,1.0,1.0,1.0,0.0
0.0,0.0,0.0,0.0,0.0,0.0,0.0,0.0,0.0,0.0,0.0,0.0,0.0,0.0,0.0,0.0,0.0,0.0,0.0,0.0,0.0,1.0,1.0,1.0,1.0,1.0,1.0
0.0,0.0,0.0,0.0,0.0,0.0,0.0,0.0,0.0,0.0,0.0,0.0,0.0,0.0,0.0,0.2424,0.0,0.6152,0.0,0.1895,0.8483,1.0,1.0,1.0,1.0,1.0,0.0
0.0,0.0,0.6538,0.0,0.0,0.0,0.3194,0.5338,0.4628,0.0,0.0,0.0,0.0,0.3505,0.0,0.5821,0.0,0.0,0.0,0.0,0.8687,1.0,0.0,1.0,0.0,1.0,0.0
0.0,0.0,0.0,0.0,0.0,0.0,0.2458,0.0,0.0,0.0,0.0,0.0,0.0,0.0,0.0,0.0,0.0,0.0,0.0,0.0,0.0,1.0,1.0,1.0,0.0,1.0,1.0
0.0,0.0,0.0,0.0415,0.0,0.0,0.0,0.0,0.0,0.0,0.0,0.4361,0.9814,0.0,0.0,0.0,0.0,0.0,0.0,0.0,0.0,1.0,0.0,1.0,1.0,0.0,1.0
0.0,0.1678,0.2745,0.3189,0.0,0.0742,0.0,0.0,0.0,0.0,0.7856,0.0,0.9587,0.2479,0.0,0.935,0.078,0.1274,0.3083,0.3452,0.5653,0.0,0.0,0.0,1.0,0.0,0.0
0.0,0.0,0.0,0.0,0.0,0.0,0.0,0.0,0.0,0.0,0.0,0.0,0.0,0.0,0.0,0.0,0.0,0.0,0.0,0.0,0.0,1.0,1.0,1.0,1.0,1.0,1.0
0.0,0.0,0.0,0.3306,0.0,0.0,0.0,0.0,0.0,0.0,0.0,0.0,0.0,0.0,0.0,0.0,0.0,0.0,0.0,0.0,0.0,1.0,0.0,0.0,1.0,1.0,1.0
0.2934,0.0,0.0,0.0,0.7558,0.0,0.4545,0.0,0.8053,0.0,0.0,0.3407,0.9405,0.0,0.0,0.0,0.0,0.0,0.0,0.0,0.0,0.0,1.0,0.0,0.0,0.0,1.0
0.0,0.5527,0.0,0.0,0.0,0.0,0.0,0.2262,0.6668,0.4993,0.0,0.0,0.0,0.2385,0.0,0.0,0.0,0.0,0.3061,0.7904,0.4322,0.0,1.0,0.0,0.0,1.0,0.0
0.0,0.0,0.0,0.0303,0.0,0.0,0.0,0.0,0.0,0.0,0.0,0.0,0.0,0.0,0.0,0.0,0.0,0.0,0.0,0.0,0.0,1.0,0.0,1.0,1.0,1.0,1.0
0.0,0.0,0.0,0.0,0.0,0.0,0.0,0.0,0.0,0.0,0.0,0.0,0.0,0.0,0.0,0.0,0.0,0.0,0.0,0.0,0.0,1.0,1.0,1.0,1.0,1.0,1.0
0.0,0.0,0.0,0.0,0.0,0.0,0.0,0.0,0.0,0.0,0.0,0.0,0.0,0.0,0.0,0.0,0.0,0.0,0.0,0.0,0.0,1.0,0.0,1.0,0.0,1.0,1.0
0.0,0.0,0.0,0.0,0.0,0.0,0.115,0.1888,0.0,0.7441,0.0,0.0,0.0,0.0,0.0,0.9198,0.0,0.0,0.0,0.0,0.7753,0.0,0.0,0.0,0.0,1.0,0.0
0.0,0.0,0.0,0.0,0.0519,0.0,0.0,0.0,0.0,0.0,0.0,0.0,0.0,0.0,0.0,0.0,0.0,0.0,0.0,0.0,0.0,1.0,1.0,0.0,1.0,1.0,1.0
0.4333,0.0567,0.0,0.0,0.0,0.3114,0.0,0.0,0.8282,0.5894,0.8231,0.1504,0.7765,0.0,0.0,0.0,0.0,0.0,0.0,0.0,0.0,0.0,0.0,0.0,0.0,0.0,1.0
0.0,0.0,0.0,0.0,0.0,0.0,0.0,0.0,0.0,0.0,0.0,0.0,0.0,0.0,0.0,0.0,0.0,0.0,0.0,0.0,0.0,1.0,1.0,1.0,1.0,1.0,1.0
0.0,0.0,0.0,0.0,0.0,0.0,0.8358,0.2719,0.0978,0.9875,0.0,0.8731,0.4309,0.7242,0.0,0.9464,0.4112,0.0,0.9437,0.0,0.0,1.0,0.0,1.0,0.0,0.0,0.0
0.0,0.1212,0.0,0.0,0.6341,0.1756,0.9752,0.0,0.0,0.0,0.0,0.0,0.5094,0.0,0.0,0.0,0.0,0.0,0.0,0.0,0.0,0.0,1.0,0.0,0.0,0.0,1.0
0.0,0.0,0.0,0.0,0.0,0.0,0.0,0.0,0.0,0.0,0.0,0.0,0.0,0.0,0.0,0.0,0.0,0.0,0.0,0.0,0.0,1.0,1.0,1.0,1.0,1.0,1.0
0.3913,0.0,0.0,0.0,0.0,0.0,0.0,0.0,0.0,0.0,0.0,0.0,0.6463,0.2585,0.727,0.0,0.8357,0.3279,0.0,0.0,0.7143,0.0,1.0,1.0,1.0,0.0,0.0
0.0,0.0,0.0,0.0,0.6897,0.0,0.1497,0.6367,0.7391,0.0,0.0,0.8499,0.6799,0.0,0.0,0.1063,0.5126,0.0,0.0,0.0,0.5933,1.0,0.0,0.0,0.0,0.0,0.0
0.0,0.0,0.0,0.0,0.0,0.0,0.4737,0.0,0.0518,0.477,0.0,0.2894,0.0,0.9339,0.2706,0.0,0.359,0.8549,0.0,0.0249,0.0,1.0,1.0,1.0,0.0,0.0,0.0
0.0,0.0,0.0,0.0,0.0,0.0,0.0,0.0,0.0,0.0,0.6361,0.0,0.0,0.0,0.0,0.0,0.0,0.0,0.0,0.0,0.0,0.0,1.0,1.0,1.0,0.0,1.0
0.0,0.3591,0.5862,0.3987,0.0,0.0,0.0,0.0429,0.0,0.4098,0.6679,0.0,0.9361,0.0,0.0,0.0,0.0,0.0,0.0,0.0,0.0,0.0,0.0,1.0,0.0,0.0,1.0
0.3305,0.0,0.0,0.3575,0.0,0.0,0.0,0.0,0.0,0.0,0.0,0.0,0.6844,0.3764,0.0,0.2531,0.0,0.8319,0.0,0.0,0.1847,0.0,0.0,0.0,1.0,0.0,0.0
0.0,0.0,0.0,0.0,0.8245,0.0,0.0,0.1955,0.6607,0.0,0.5406,0.0,0.0,0.0,0.9018,0.7082,0.0,0.0,0.1151,0.0,0.8601,1.0,1.0,0.0,0.0,0.0,0.0
0.0,0.0,0.0,0.3723,0.0,0.0,0.9191,0.4677,0.0172,0.4447,0.0,0.1462,0.0,0.0,0.0,0.5096,0.0,0.0,0.0,0.9298,0.1797,1.0,0.0,0.0,0.0,0.0,0.0
0.0,0.0344,0.9985,0.0464,0.0,0.0,0.0,0.0,0.0,0.2123,0.0,0.0,0.0,0.9128,0.252,0.0,0.0,0.7888,0.3211,0.1509,0.0,0.0,0.0,1.0,0.0,1.0,0.0
0.0,0.0,0.0,0.0,0.0,0.0,0.0,0.0,0.0,0.0,0.0,0.0,0.0,0.0,0.0,0.0,0.0,0.0,0.0,0.0,0.0,1.0,1.0,1.0,1.0,1.0,1.0
0.0,0.9068,0.0,0.0,0.0,0.0,0.0,0.0,0.0,0.0,0.0,0.0,0.0,0.3256,0.0,0.3563,0.0,0.674,0.0,0.0439,0.0,0.0,1.0,1.0,1.0,1.0,0.0
0.0,0.0,0.0,0.0,0.0,0.0,0.0,0.0,0.0,0.0,0.0,0.0,0.0,0.4207,0.0,0.8505,0.2978,0.0029,0.0,0.7965,0.3442,1.0,1.0,1.0,1.0,0.0,0.0
0.0,0.0,0.0,0.0,0.0,0.0,0.0,0.0,0.0,0.0,0.0735,0.0,0.9361,0.0,0.0,0.0,0.0,0.0,0.0,0.0,0.0,1.0,1.0,1.0,1.0,0.0,1.0
0.0,0.5315,0.0,0.0,0.0,0.0945,0.0,0.0,0.0,0.0,0.0,0.0,0.0,0.5313,0.0,0.0,0.0,0.4267,0.1271,0.2299,0.0,0.0,1.0,0.0,1.0,1.0,0.0
0.0,0.0,0.0,0.0,0.0,0.0,0.0,0.0,0.0,0.0,0.0,0.0,0.0,0.0,0.0,0.0,0.0,0.0,0.0,0.0,0.0,1.0,1.0,1.0,1.0,1.0,1.0
0.0,0.0,0.0,0.0,0.0113,0.0,0.0,0.0,0.0,0.0,0.0,0.0,0.0,0.0,0.0,0.0,0.0,0.0,0.0,0.0,0.0,1.0,1.0,0.0,1.0,1.0,1.0
0.0,0.6684,0.0,0.0,0.91,0.0,0.0,0.0,0.0,0.0,0.1561,0.5355,0.2688,0.0,0.0,0.7946,0.3928,0.0,0.0053,0.3036,0.0,0.0,1.0,0.0,0.0,0.0,0.0
0.0,0.0,0.0,0.0,0.0,0.0,0.0,0.0,0.0,0.0,0.0,0.0,0.0,0.0,0.0,0.0,0.0,0.0,0.0,0.0,0.0,1.0,1.0,1.0,1.0,1.0,1.0
0.0,0.0,0.0,0.0,0.0,0.0,0.0,0.0,0.0,0.0,0.0,0.0,0.0,0.0,0.0,0.0,0.0,0.0,0.0,0.0,0.0,1.0,1.0,1.0,1.0,1.0,1.0
0.0,0.0,0.0,0.0,0.7419,0.9923,0.2601,0.4042,0.0,0.0,0.5098,0.0,0.0863,0.0,0.9127,0.0,0.0,0.0,0.1738,0.1042,0.4519,0.0,1.0,0.0,0.0,0.0,0.0
0.0,0.0,0.0,0.0,0.0,0.0,0.0,0.0,0.0,0.0,0.0,0.0,0.0,0.0,0.0,0.0,0.0,0.0,0.0,0.0,0.0,1.0,1.0,1.0,1.0,1.0,1.0
0.5846,0.9229,0.0,0.8996,0.0,0.0939,0.1316,0.0251,0.9182,0.9205,0.0,0.0,0.0,0.0,0.0,0.0,0.1801,0.0,0.6703,0.0,0.0,0.0,0.0,0.0,0.0,1.0,0.0
0.0,0.0,0.2968,0.6114,0.0,0.5704,0.0,0.0,0.0,0.0,0.0,0.0,0.0,0.0171,0.0,0.1072,0.738,0.4719,0.3852,0.1722,0.0,1.0,0.0,0.0,1.0,1.0,0.0
0.0,0.0,0.0,0.2992,0.0,0.9836,0.0,0.0,0.0,0.0,0.0,0.0,0.0,0.0,0.0,0.0,0.0,0.0,0.0,0.0,0.0,1.0,0.0,0.0,1.0,0.0,1.0
0.0,0.4796,0.0,0.0,0.0,0.7582,0.0,0.0,0.0,0.0604,0.8234,0.0,0.0,0.0,0.1695,0.8302,0.0,0.5353,0.0988,0.0,0.5288,0.0,1.0,0.0,0.0,0.0,0.0
0.0,0.0,0.0,0.0,0.0,0.0,0.0,0.0,0.0,0.0,0.4431,0.0,0.7771,0.0,0.3631,0.0,0.0,0.0,0.304,0.0,0.0,1.0,1.0,1.0,1.0,0.0,0.0
0.0,0.0,0.0,0.3491,0.0,0.0,0.0,0.0,0.0,0.0,0.0,0.0,0.0,0.0,0.0,0.0,0.0,0.0,0.0,0.0,0.0,1.0,0.0,1.0,1.0,1.0,1.0
0.0,0.0,0.0,0.0,0.0,0.0,0.0,0.0,0.0,0.0,0.0,0.0,0.0,0.0,0.0,0.0,0.6765,0.8986,0.0,0.0,0.0037,0.0,1.0,1.0,1.0,1.0,0.0
0.9413,0.1421,0.3156,0.0,0.8861,0.0,0.0,0.0,0.0,0.5176,0.3237,0.7906,0.4211,0.0,0.0,0.0,0.0,0.0,0.0,0.0,0.0,0.0,0.0,0.0,0.0,0.0,1.0
0.0,0.0,0.0,0.0,0.0,0.0,0.0,0.0,0.0,0.0,0.9913,0.0,0.0,0.0,0.0,0.0,0.0,0.0,0.0,0.0,0.0,0.0,1.0,0.0,1.0,0.0,1.0
0.0,0.0,0.0,0.0,0.0,0.0,0.0,0.0,0.0,0.0,0.2402,0.0,0.0,0.0,0.0,0.0,0.0,0.0,0.0,0.0,0.0,1.0,0.0,0.0,1.0,0.0,1.0
0.0,0.0,0.1661,0.0,0.0,0.0,0.0,0.0,0.0,0.0,0.0,0.0,0.0,0.1481,0.8694,0.0,0.0,0.1322,0.6549,0.0,0.7853,1.0,0.0,1.0,1.0,0.0,0.0
0.2495,0.0,0.1785,0.0,0.0,0.0,0.8069,0.0,0.0,0.2585,0.0,0.0,0.0,0.0,0.0,0.0,0.0,0.0,0.0,0.0,0.0,0.0,0.0,1.0,0.0,1.0,1.0
0.2583,0.0,0.0,0.0,0.2364,0.5229,0.0,0.0,0.0,0.0,0.0,0.0,0.0,0.0,0.0,0.0,0.0,0.0,0.0,0.0,0.0,0.0,1.0,0.0,1.0,1.0,1.0
0.0,0.5138,0.0,0.0,0.0,0.0,0.0,0.0,0.0,0.0,0.0,0.195,0.9371,0.3716,0.0,0.0,0.0,0.5632,0.2717,0.8538,0.6769,0.0,0.0,1.0,0.0,0.0,0.0
0.0,0.0,0.9883,0.0,0.0229,0.0,0.0,0.0,0.6907,0.0,0.0,0.0,0.0,0.9424,0.0,0.0,0.0,0.3917,0.9272,0.6001,0.6406,1.0,0.0,0.0,0.0,1.0,0.0
0.0,0.0,0.0,0.0,0.0,0.0,0.0,0.0,0.0,0.0,0.1782,0.0,0.5321,0.0,0.0,0.0,0.0,0.0,0.0,0.0,0.0,0.0,1.0,1.0,0.0,0.0,1.0
0.9154,0.3798,0.0,0.8478,0.0,0.9918,0.3467,0.0,0.0,0.0,0.0,0.0,0.0,0.0,0.0,0.0,0.0,0.0,0.0,0.0,0.0,0.0,0.0,0.0,0.0,1.0,1.0
0.0,0.0,0.0,0.0,0.0,0.0,0.0,0.0,0.0,0.0,0.0,0.0,0.0,0.265,0.2951,0.0,0.0,0.0,0.0,0.0,0.0993,1.0,1.0,1.0,1.0,1.0,0.0
0.0,0.0,0.0,0.0,0.0,0.0,0.0,0.0,0.0,0.0,0.0,0.0,0.0,0.0,0.0,0.0,0.0,0.0,0.0,0.0,0.0,1.0,1.0,1.0,1.0,1.0,1.0
0.0,0.0,0.0,0.0,0.0,0.0,0.0,0.0,0.0,0.0,0.0,0.0,0.0,0.0,0.0,0.0,0.0,0.0,0.0,0.0,0.0,0.0,1.0,0.0,1.0,1.0,1.0
0.0,0.0,0.0,0.0,0.0,0.0,0.0,0.0,0.0,0.0,0.0,0.0,0.0,0.0,0.0,0.0,0.142,0.0,0.9415,0.4741,0.0,0.0,1.0,1.0,1.0,1.0,0.0
0.4456,0.9649,0.0,0.0,0.0,0.3547,0.0,0.0,0.0,0.0,0.0,0.0,0.0,0.0,0.0,0.0,0.0,0.0,0.0,0.6521,0.548,0.0,0.0,0.0,1.0,0.0,0.0
0.0,0.0,0.0,0.0,0.0,0.0,0.0,0.0,0.0,0.0,0.0,0.0,0.0,0.0,0.0,0.0,0.0,0.0,0.0,0.0,0.0,1.0,1.0,1.0,1.0,1.0,1.0
0.0,0.0,0.0,0.0,0.0,0.0,0.0,0.9512,0.9567,0.8165,0.0,0.0,0.0,0.0,0.3722,0.2651,0.0,0.6267,0.6419,0.159,0.278,1.0,0.0,1.0,0.0,1.0,0.0
0.5033,0.0,0.2755,0.0,0.0,0.0,0.0,0.9152,0.3116,0.0816,0.0,0.0,0.0,0.1606,0.2524,0.0,0.7207,0.0,0.0,0.0,0.0,0.0,0.0,0.0,0.0,1.0,0.0
0.0,0.0,0.0,0.0,0.6514,0.0,0.0,0.0,0.0,0.0,0.0,0.0,0.0,0.0,0.0,0.0,0.0,0.0,0.0,0.0,0.0,1.0,1.0,0.0,1.0,1.0,1.0
0.4752,0.0,0.0,0.0,0.0,0.0,0.0,0.0,0.0,0.0,0.0,0.0,0.0,0.0,0.0,0.0,0.0,0.0,0.0,0.0,0.0,0.0,1.0,1.0,1.0,1.0,1.0
0.0,0.6657,0.0,0.1307,0.5066,0.2973,0.5301,0.3663,0.0801,0.0,0.0,0.0,0.0,0.0906,0.0,0.7934,0.0,0.2518,0.2098,0.0,0.0,0.0,0.0,0.0,0.0,1.0,0.0
0.9395,0.0,0.0,0.0,0.0376,0.0,0.0,0.0,0.0,0.0,0.0,0.0,0.0,0.0,0.5433,0.1034,0.3028,0.0,0.0,0.9466,0.0553,0.0,1.0,0.0,1.0,1.0,0.0
0.0,0.4408,0.0,0.0,0.6075,0.0,0.7886,0.4634,0.0,0.8451,0.0,0.0,0.0,0.0,0.0,0.611,0.0,0.0936,0.3659,0.0,0.0,0.0,1.0,0.0,0.0,0.0,0.0
0.0,0.0,0.0,0.0,0.0,0.4494,0.0,0.0,0.0,0.0,0.0,0.0,0.0,0.0,0.0,0.0,0.0,0.0,0.0,0.0,0.0,0.0,1.0,0.0,1.0,1.0,1.0
0.0,0.0,0.0,0.4992,0.8626,0.0,0.4197,0.0,0.0,0.0496,0.0,0.0,0.6337,0.7755,0.0,0.6971,0.0,0.0,0.0,0.0,0.6085,1.0,0.0,0.0,0.0,0.0,0.0
0.3083,0.8378,0.0,0.0,0.0,0.0,0.0,0.0,0.0,0.0,0.6881,0.559,0.0,0.0,0.9343,0.9557,0.0,0.1211,0.0,0.0,0.0,0.0,1.0,1.0,0.0,0.0,0.0
0.4775,0.1161,0.4011,0.0,0.0,0.0,0.0,0.0,0.0,0.0,0.0,0.0,0.306,0.0,0.0,0.0,0.4782,0.0,0.0,0.1441,0.0,0.0,0.0,1.0,1.0,0.0,0.0
0.0,0.0,0.0,0.0,0.0,0.0,0.0,0.0,0.0,0.0,0.0,0.0,0.0,0.0,0.0,0.0,0.0,0.0,0.0,0.0,0.0,1.0,1.0,0.0,1.0,1.0,1.0
0.0,0.0,0.0974,0.0,0.6557,0.0,0.0,0.0,0.0,0.0,0.2394,0.8148,0.6261,0.2891,0.2932,0.6564,0.6812,0.0,0.3205,0.747,0.0,1.0,0.0,0.0,1.0,0.0,0.0
0.0,0.0,0.0,0.9606,0.0,0.0,0.0,0.0,0.0,0.0,0.0,0.0,0.0,0.0,0.0,0.0,0.0,0.0,0.0,0.0,0.0,1.0,0.0,1.0,1.0,1.0,1.0
0.0,0.0379,0.0,0.0,0.0,0.0,0.0,0.0,0.0,0.0,0.0,0.0,0.0,0.0,0.0,0.0,0.0,0.0,0.0,0.0,0.0,0.0,1.0,1.0,1.0,1.0,1.0
0.1623,0.0,0.113,0.3223,0.6111,0.3123,0.0,0.3522,0.8383,0.9007,0.0,0.0,0.0,0.0,0.0,0.0,0.0,0.0,0.0,0.0,0.0,0.0,0.0,0.0,0.0,1.0,1.0
0.0,0.0,0.0,0.0,0.0,0.0,0.0,0.0,0.0,0.0,0.0,0.0,0.0,0.0,0.0,0.0,0.0,0.0,0.0,0.0,0.0,1.0,1.0,1.0,1.0,1.0,1.0
0.0,0.0,0.0,0.0,0.0,0.0,0.0,0.0,0.0,0.0,0.0,0.0,0.0,0.2856,0.0,0.7298,0.4221,0.4965,0.0,0.0,0.0,1.0,1.0,1.0,1.0,0.0,0.0
0.0,0.0,0.8555,0.0,0.225,0.0,0.0,0.0,0.0,0.0,0.0,0.0,0.0,0.625,0.0,0.0,0.4127,0.8362,0.0865,0.0,0.0,0.0,0.0,0.0,1.0,1.0,0.0
0.0,0.9991,0.0,0.0,0.8636,0.4314,0.0,0.0,0.0,0.0,0.0,0.0,0.0,0.1839,0.0,0.6293,0.0,0.5862,0.4608,0.0,0.8776,0.0,1.0,0.0,1.0,0.0,0.0
0.0,0.0,0.0,0.0,0.7901,0.0,0.5913,0.0,0.0,0.2136,0.6997,0.6511,0.3047,0.0,0.0,0.0,0.0,0.0,0.0,0.0,0.0,1.0,1.0,0.0,0.0,0.0,1.0
0.0,0.0,0.8859,0.0,0.0,0.0,0.7827,0.4327,0.0,0.619,0.0,0.0,0.0,0.0,0.0,0.0,0.0,0.0,0.0,0.0,0.0,0.0,0.0,1.0,0.0,1.0,1.0
0.0,0.0,0.0,0.0,0.0,0.0,0.0,0.0,0.0,0.0,0.0,0.0,0.0,0.0,0.0,0.0,0.0,0.0,0.0,0.0,0.0,1.0,1.0,1.0,1.0,1.0,1.0
0.0,0.0,0.0,0.0,0.0,0.0,0.0,0.0,0.0,0.0,0.9794,0.0,0.0,0.0,0.0,0.0,0.0,0.0,0.0,0.0,0.0,1.0,0.0,0.0,1.0,0.0,1.0
0.2345,0.4578,0.0,0.0,0.5875,0.0,0.0,0.0,0.0,0.0,0.0,0.0,0.3924,0.0,0.0,0.0,0.0,0.0,0.0,0.0,0.0,0.0,1.0,0.0,1.0,0.0,1.0
0.0,0.0,0.0,0.9562,0.7207,0.0884,0.3889,0.0,0.0,0.4396,0.0,0.0,0.0,0.0,0.0,0.0,0.0,0.0,0.0,0.0,0.0,1.0,0.0,0.0,0.0,1.0,1.0
0.0,0.0,0.0,0.0,0.3217,0.0,0.6688,0.1758,0.0,0.0,0.0,0.0,0.0,0.0,0.0,0.0,0.0,0.0,0.0,0.0,0.0,1.0,1.0,0.0,0.0,1.0,1.0
0.0,0.0,0.3036,0.0,0.7939,0.1414,0.0,0.0,0.0,0.0,0.0,0.0,0.1425,0.2268,0.0,0.0177,0.4726,0.0,0.0,0.0,0.0,1.0,0.0,0.0,1.0,0.0,0.0
0.513,0.6089,0.623,0.6022,0.0,0.0,0.0,0.5446,0.0,0.0,0.0,0.0,0.0,0.6692,0.5137,0.0,0.0,0.0,0.0,0.3385,0.0,0.0,0.0,0.0,0.0,1.0,0.0
0.0,0.0,0.0,0.0,0.0,0.0,0.0,0.0,0.0,0.0,0.0,0.0,0.0,0.0,0.0,0.0,0.0,0.0,0.0,0.0,0.0,1.0,1.0,1.0,1.0,1.0,1.0
0.0,0.0,0.0,0.0,0.0,0.2782,0.0,0.0,0.0,0.0,0.0,0.0,0.0,0.4364,0.5236,0.0,0.0178,0.8373,0.268,0.5307,0.2697,1.0,1.0,0.0,1.0,1.0,0.0
0.0,0.6135,0.0,0.0,0.0,0.0,0.0,0.0,0.0,0.0,0.0,0.0617,0.0,0.8133,0.1651,0.9066,0.0,0.0,0.0,0.0094,0.0,0.0,0.0,0.0,1.0,0.0,0.0
0.0,0.0,0.0,0.0,0.0,0.0,0.0,0.0,0.0,0.0,0.0,0.0,0.0,0.0,0.0,0.0,0.0,0.7674,0.146,0.0,0.0,1.0,1.0,1.0,1.0,1.0,0.0
0.0,0.0,0.0,0.0,0.0,0.4472,0.0,0.0,0.5589,0.6025,0.0,0.0,0.0,0.0,0.0,0.0,0.0,0.0,0.0,0.0,0.0,0.0,1.0,0.0,0.0,0.0,1.0
0.0,0.0,0.0,0.0,0.0,0.0,0.0,0.4325,0.0,0.0,0.0,0.0,0.0,0.0,0.0,0.0,0.0,0.0,0.0,0.0,0.0,1.0,1.0,1.0,0.0,1.0,1.0
0.0,0.0,0.0,0.3342,0.0,0.0,0.0,0.7222,0.0,0.3456,0.2498,0.0,0.0,0.0,0.0,0.0,0.6727,0.6207,0.2616,0.0,0.0,1.0,0.0,1.0,0.0,0.0,0.0
0.2083,0.0,0.0,0.0,0.0,0.0,0.6281,0.0,0.0,0.869,0.0,0.0961,0.0,0.0,0.4313,0.7249,0.0,0.0,0.9236,0.3785,0.6824,0.0,1.0,0.0,0.0,0.0,0.0
0.0,0.0,0.7333,0.0,0.0,0.0,0.0,0.0,0.0,0.0,0.0,0.0,0.0,0.0,0.0,0.0,0.0,0.0,0.0,0.0,0.0,0.0,0.0,1.0,1.0,1.0,1.0
0.0,0.0,0.0,0.0,0.0,0.0,0.0,0.0,0.0,0.0,0.0,0.0,0.0,0.0,0.0,0.0,0.0,0.0,0.0,0.0,0.0,1.0,0.0,1.0,1.0,1.0,1.0
0.1196,0.0,0.0,0.0,0.0,0.0,0.0,0.0,0.0,0.0,0.0,0.0,0.0,0.0,0.0,0.0,0.0,0.0,0.0,0.0,0.0,0.0,1.0,1.0,1.0,1.0,1.0
0.0004,0.1069,0.895,0.0,0.0,0.0,0.1474,0.5792,0.9623,0.0,0.0,0.7521,0.0,0.0,0.4865,0.0,0.0,0.0,0.5234,0.9322,0.0,0.0,0.0,1.0,0.0,0.0,0.0
0.0,0.0,0.0,0.0,0.0,0.0,0.0,0.0,0.0,0.4581,0.0,0.0,0.0,0.0,0.0,0.0,0.0,0.0,0.0,0.0,0.0,0.0,1.0,1.0,0.0,1.0,1.0
0.0,0.0,0.0,0.7841,0.4693,0.0,0.3699,0.1951,0.8071,0.0,0.0,0.0,0.9352,0.0817,0.7257,0.0,0.9616,0.0,0.9922,0.3943,0.4457,1.0,0.0,0.0,0.0,0.0,0.0
0.8085,0.0,0.4477,0.2566,0.0,0.0,0.0,0.0,0.0,0.0,0.0,0.0,0.0,0.0,0.0,0.0,0.0,0.0,0.0,0.0,0.0,0.0,0.0,1.0,1.0,1.0,1.0
0.0,0.0,0.0,0.0,0.0,0.0,0.9609,0.6949,0.0,0.4503,0.0,0.0,0.0,0.0,0.6525,0.0,0.6709,0.0,0.3626,0.0,0.4098,1.0,1.0,1.0,0.0,1.0,0.0
0.9647,0.3924,0.0,0.275,0.0,0.0,0.0,0.0,0.0,0.0,0.0,0.0,0.6249,0.0,0.0,0.0,0.0,0.0,0.0,0.0,0.0,0.0,0.0,1.0,1.0,0.0,1.0
