0.0,0.0,0.0,0.0,0.0,0.0,0.0,0.0,0.0,0.0,0.0,0.0,0.0,0.3531,0.33,0.6382,0.1691,0.1305,0.6922,0.7246,0.8148,0.0,0.0,0.0,0.0,0.0,1.0
0.0,0.0,0.0,0.0,0.0,0.0,0.0,0.0,0.0,0.0,0.0,0.0,0.0,0.5024,0.4789,0.6284,0.2001,0.6843,0.1384,0.612,0.7448,0.0,0.0,0.0,0.0,0.0,1.0
0.0,0.0,0.0,0.0,0.0,0.0,0.0,0.0,0.0,0.0,0.0,0.0,0.0,0.2925,0.0214,0.9468,0.4116,0.1646,0.3151,0.6644,0.1033,0.0,0.0,0.0,0.0,0.0,1.0
0.0,0.0,0.0,0.0,0.0,0.0,0.0,0.0,0.0,0.0,0.0,0.0,0.0,0.5541,0.748,0.8522,0.0124,0.1114,0.6213,0.827,0.3118,0.0,0.0,0.0,0.0,0.0,1.0
0.0,0.0,0.0,0.0,0.0,0.0,0.0,0.0,0.0,0.0,0.0,0.0,0.0,0.6351,0.9184,0.542,0.2732,0.6079,0.843,0.2994,0.0001,0.0,0.0,0.0,0.0,0.0,1.0
0.0,0.0,0.0,0.0,0.0,0.0,0.0,0.0,0.0,0.0,0.0,0.0,0.0,0.2359,0.3106,0.091,0.4591,0.0794,0.1166,0.2399,0.4256,0.0,0.0,0.0,0.0,0.0,1.0
0.0,0.0,0.0,0.0,0.0,0.0,0.0,0.0,0.0,0.0,0.0,0.0,0.0,0.6897,0.8225,0.4698,0.593,0.6885,0.8658,0.9888,0.9475,0.0,0.0,0.0,0.0,0.0,1.0
0.0,0.0,0.0,0.0,0.0,0.0,0.0,0.0,0.0,0.0,0.0,0.0,0.0,0.1431,0.1422,0.4685,0.5324,0.0909,0.5492,0.4581,0.6228,0.0,0.0,0.0,0.0,0.0,1.0
0.0,0.0,0.0,0.0,0.0,0.0,0.0,0.0,0.0,0.0,0.0,0.0,0.0,0.4432,0.7675,0.0222,0.9963,0.6184,0.374,0.94,0.8056,0.0,0.0,0.0,0.0,0.0,1.0
0.0,0.0,0.0,0.0,0.0,0.0,0.0,0.0,0.0,0.0,0.0,0.0,0.0,0.5723,0.0066,0.405,0.5288,0.6133,0.1458,0.0786,0.0196,0.0,0.0,0.0,0.0,0.0,1.0
0.0,0.0,0.0,0.0,0.0,0.0,0.0,0.0,0.0,0.0,0.0,0.0,0.0,0.5522,0.4237,0.0673,0.9423,0.8852,0.7739,0.5089,0.5506,0.0,0.0,0.0,0.0,0.0,1.0
0.0,0.0,0.0,0.0,0.0,0.0,0.0,0.0,0.0,0.0,0.0,0.0,0.0,0.2723,0.1503,0.7651,0.1397,0.8435,0.6856,0.2346,0.0572,0.0,0.0,0.0,0.0,0.0,1.0
0.0,0.0,0.0,0.0,0.0,0.0,0.0,0.0,0.0,0.0,0.0,0.0,0.0,0.0412,0.1176,0.4841,0.1772,0.1018,0.4295,0.3069,0.3185,0.0,0.0,0.0,0.0,0.0,1.0
0.0,0.0,0.0,0.0,0.0,0.0,0.0,0.0,0.0,0.0,0.0,0.0,0.0,0.6693,0.7363,0.0529,0.32,0.6586,0.2753,0.5102,0.6206,0.0,0.0,0.0,0.0,0.0,1.0
0.0,0.0,0.0,0.0,0.0,0.0,0.0,0.0,0.0,0.0,0.0,0.0,0.0,0.1865,0.7083,0.4649,0.8962,0.5868,0.8616,0.4253,0.3685,0.0,0.0,0.0,0.0,0.0,1.0
0.0,0.0,0.0,0.0,0.0,0.0,0.0,0.0,0.0,0.0,0.0,0.0,0.0,0.6916,0.2028,0.4165,0.0563,0.9183,0.7329,0.6475,0.7986,0.0,0.0,0.0,0.0,0.0,1.0
0.0,0.0,0.0,0.0,0.0,0.0,0.0,0.0,0.0,0.0,0.0,0.0,0.0,0.72,0.9491,0.1998,0.6475,0.4101,0.2977,0.2763,0.532,0.0,0.0,0.0,0.0,0.0,1.0
0.0,0.0,0.0,0.0,0.0,0.0,0.0,0.0,0.0,0.0,0.0,0.0,0.0,0.8984,0.3136,0.6577,0.1147,0.6394,0.0029,0.5381,0.9577,0.0,0.0,0.0,0.0,0.0,1.0
0.0,0.0,0.0,0.0,0.0,0.0,0.0,0.0,0.0,0.0,0.0,0.0,0.0,0.445,0.1638,0.3472,0.6619,0.1838,0.9501,0.1086,0.8426,0.0,0.0,0.0,0.0,0.0,1.0
0.0,0.0,0.0,0.0,0.0,0.0,0.0,0.0,0.0,0.0,0.0,0.0,0.0,0.4073,0.2295,0.5474,0.6851,0.7643,0.8319,0.9936,0.7399,0.0,0.0,0.0,0.0,0.0,1.0
0.0,0.0,0.0,0.0,0.0,0.0,0.0,0.0,0.0,0.0,0.0,0.0,0.0,0.7269,0.9131,0.5488,0.1289,0.4332,0.7068,0.6429,0.1038,0.0,0.0,0.0,0.0,0.0,1.0
0.0,0.0,0.0,0.0,0.0,0.0,0.0,0.0,0.0,0.0,0.0,0.0,0.0,0.7157,0.5673,0.4051,0.2914,0.1496,0.3633,0.1713,0.6863,0.0,0.0,0.0,0.0,0.0,1.0
0.0,0.0,0.0,0.0,0.0,0.0,0.0,0.0,0.0,0.0,0.0,0.0,0.0,0.7241,0.9919,0.1681,0.8177,0.198,0.9355,0.619,0.6503,0.0,0.0,0.0,0.0,0.0,1.0
0.0,0.0,0.0,0.0,0.0,0.0,0.0,0.0,0.0,0.0,0.0,0.0,0.0,0.5902,0.537,0.5442,0.3316,0.5121,0.4806,0.0795,0.6929,0.0,0.0,0.0,0.0,0.0,1.0
0.0,0.0,0.0,0.0,0.0,0.0,0.0,0.0,0.0,0.0,0.0,0.0,0.0,0.4319,0.137,0.8409,0.8163,0.2665,0.3766,0.3322,0.8519,0.0,0.0,0.0,0.0,0.0,1.0
0.0,0.0,0.0,0.0,0.0,0.0,0.0,0.0,0.0,0.0,0.0,0.0,0.0,0.0603,0.3732,0.5139,0.9536,0.6208,0.7875,0.2265,0.2806,0.0,0.0,0.0,0.0,0.0,1.0
0.0,0.0,0.0,0.0,0.0,0.0,0.0,0.0,0.0,0.0,0.0,0.0,0.0,0.0001,0.2401,0.5968,0.0431,0.7785,0.8234,0.888,0.5204,0.0,0.0,0.0,0.0,0.0,1.0
0.0,0.0,0.0,0.0,0.0,0.0,0.0,0.0,0.0,0.0,0.0,0.0,0.0,0.6656,0.6831,0.57,0.4163,0.1549,0.4286,0.9666,0.6782,0.0,0.0,0.0,0.0,0.0,1.0
0.0,0.0,0.0,0.0,0.0,0.0,0.0,0.0,0.0,0.0,0.0,0.0,0.0,0.2011,0.9365,0.4587,0.791,0.8744,0.6977,0.3002,0.4746,0.0,0.0,0.0,0.0,0.0,1.0
0.0,0.0,0.0,0.0,0.0,0.0,0.0,0.0,0.0,0.0,0.0,0.0,0.0,0.8441,0.1403,0.5013,0.3485,0.1149,0.1599,0.5924,0.1428,0.0,0.0,0.0,0.0,0.0,1.0
0.0,0.0,0.0,0.0,0.0,0.0,0.0,0.0,0.0,0.0,0.0,0.0,0.0,0.6864,0.0347,0.3765,0.1202,0.0821,0.0176,0.4213,0.2641,0.0,0.0,0.0,0.0,0.0,1.0
0.0,0.0,0.0,0.0,0.0,0.0,0.0,0.0,0.0,0.0,0.0,0.0,0.0,0.0924,0.1092,0.9273,0.613,0.5936,0.2821,0.9568,0.8509,0.0,0.0,0.0,0.0,0.0,1.0
0.0,0.0,0.0,0.0,0.0,0.0,0.0,0.0,0.0,0.0,0.0,0.0,0.0,0.077,0.5038,0.6446,0.1112,0.3676,0.8769,0.4959,0.5918,0.0,0.0,0.0,0.0,0.0,1.0
0.0,0.0,0.0,0.0,0.0,0.0,0.0,0.0,0.0,0.0,0.0,0.0,0.0,0.3663,0.0543,0.968,0.5276,0.3128,0.7881,0.3509,0.2962,0.0,0.0,0.0,0.0,0.0,1.0
0.0,0.0,0.0,0.0,0.0,0.0,0.0,0.0,0.0,0.0,0.0,0.0,0.0,0.4404,0.3094,0.7683,0.176,0.082,0.5719,0.6311,0.3606,0.0,0.0,0.0,0.0,0.0,1.0
0.0,0.0,0.0,0.0,0.0,0.0,0.0,0.0,0.0,0.0,0.0,0.0,0.0,0.6628,0.2163,0.6569,0.8324,0.5264,0.9337,0.9057,0.3858,0.0,0.0,0.0,0.0,0.0,1.0
0.0,0.0,0.0,0.0,0.0,0.0,0.0,0.0,0.0,0.0,0.0,0.0,0.0,0.9878,0.8055,0.5226,0.361,0.09,0.5749,0.7743,0.7137,0.0,0.0,0.0,0.0,0.0,1.0
0.0,0.0,0.0,0.0,0.0,0.0,0.0,0.0,0.0,0.0,0.0,0.0,0.0,0.7636,0.3621,0.3327,0.807,0.1724,0.6667,0.6387,0.6817,0.0,0.0,0.0,0.0,0.0,1.0
0.0,0.0,0.0,0.0,0.0,0.0,0.0,0.0,0.0,0.0,0.0,0.0,0.0,0.6003,0.3969,0.12,0.4916,0.2324,0.0551,0.35,0.6927,0.0,0.0,0.0,0.0,0.0,1.0
0.0,0.0,0.0,0.0,0.0,0.0,0.0,0.0,0.0,0.0,0.0,0.0,0.0,0.7708,0.7096,0.5198,0.2601,0.9337,0.2376,0.4889,0.0953,0.0,0.0,0.0,0.0,0.0,1.0
0.0,0.0,0.0,0.0,0.0,0.0,0.0,0.0,0.0,0.0,0.0,0.0,0.0,0.9696,0.7489,0.8793,0.2755,0.2819,0.2843,0.5342,0.2445,0.0,0.0,0.0,0.0,0.0,1.0
0.0,0.0,0.0,0.0,0.0,0.0,0.0,0.0,0.0,0.0,0.0,0.0,0.0,0.8483,0.3695,0.124,0.9339,0.1512,0.4756,0.4189,0.0134,0.0,0.0,0.0,0.0,0.0,1.0
0.0,0.0,0.0,0.0,0.0,0.0,0.0,0.0,0.0,0.0,0.0,0.0,0.0,0.6227,0.804,0.0347,0.0754,0.2699,0.7755,0.6403,0.1819,0.0,0.0,0.0,0.0,0.0,1.0
0.0,0.0,0.0,0.0,0.0,0.0,0.0,0.0,0.0,0.0,0.0,0.0,0.0,0.1129,0.2319,0.4579,0.005,0.9013,0.3715,0.9716,0.6964,0.0,0.0,0.0,0.0,0.0,1.0
0.0,0.0,0.0,0.0,0.0,0.0,0.0,0.0,0.0,0.0,0.0,0.0,0.0,0.889,0.5946,0.5504,0.0914,0.9382,0.0626,0.1759,0.5072,0.0,0.0,0.0,0.0,0.0,1.0
0.0,0.0,0.0,0.0,0.0,0.0,0.0,0.0,0.0,0.0,0.0,0.0,0.0,0.8227,0.1094,0.4991,0.1072,0.856,0.7785,0.4125,0.516,0.0,0.0,0.0,0.0,0.0,1.0
0.0,0.0,0.0,0.0,0.0,0.0,0.0,0.0,0.0,0.0,0.0,0.0,0.0,0.0189,0.8914,0.0719,0.9906,0.5468,0.7961,0.4131,0.0819,0.0,0.0,0.0,0.0,0.0,1.0
0.0,0.0,0.0,0.0,0.0,0.0,0.0,0.0,0.0,0.0,0.0,0.0,0.0,0.9585,0.0085,0.4304,0.4955,0.8815,0.887,0.3668,0.7891,0.0,0.0,0.0,0.0,0.0,1.0
0.0,0.0,0.0,0.0,0.0,0.0,0.0,0.0,0.0,0.0,0.0,0.0,0.0,0.596,0.3959,0.6822,0.8548,0.6905,0.9724,0.032,0.5786,0.0,0.0,0.0,0.0,0.0,1.0
0.0,0.0,0.0,0.0,0.0,0.0,0.0,0.0,0.0,0.0,0.0,0.0,0.0,0.699,0.603,0.7324,0.647,0.5702,0.7456,0.8546,0.1148,0.0,0.0,0.0,0.0,0.0,1.0
0.0,0.0,0.0,0.0,0.0,0.0,0.0,0.0,0.0,0.0,0.0,0.0,0.0,0.3813,0.3504,0.9046,0.9801,0.1247,0.0036,0.9087,0.8102,0.0,0.0,0.0,0.0,0.0,1.0
0.0,0.0,0.0,0.0,0.0,0.0,0.0,0.0,0.0,0.0,0.0,0.0,0.0,0.9486,0.8878,0.8404,0.565,0.6468,0.5497,0.3055,0.8952,0.0,0.0,0.0,0.0,0.0,1.0
0.0,0.0,0.0,0.0,0.0,0.0,0.0,0.0,0.0,0.0,0.0,0.0,0.0,0.2431,0.2288,0.7193,0.775,0.2478,0.2778,0.5089,0.6227,0.0,0.0,0.0,0.0,0.0,1.0
0.0,0.0,0.0,0.0,0.0,0.0,0.0,0.0,0.0,0.0,0.0,0.0,0.0,0.2155,0.13,0.5489,0.8469,0.3226,0.8564,0.3072,0.4186,0.0,0.0,0.0,0.0,0.0,1.0
0.0,0.0,0.0,0.0,0.0,0.0,0.0,0.0,0.0,0.0,0.0,0.0,0.0,0.6266,0.8476,0.4881,0.7738,0.4777,0.1252,0.8543,0.8683,0.0,0.0,0.0,0.0,0.0,1.0
0.0,0.0,0.0,0.0,0.0,0.0,0.0,0.0,0.0,0.0,0.0,0.0,0.0,0.8395,0.4171,0.6672,0.4089,0.9387,0.7897,0.2503,0.0284,0.0,0.0,0.0,0.0,0.0,1.0
0.0,0.0,0.0,0.0,0.0,0.0,0.0,0.0,0.0,0.0,0.0,0.0,0.0,0.1688,0.3075,0.6037,0.0943,0.1724,0.1091,0.935,0.8656,0.0,0.0,0.0,0.0,0.0,1.0
0.0,0.0,0.0,0.0,0.0,0.0,0.0,0.0,0.0,0.0,0.0,0.0,0.0,0.3305,0.8631,0.3432,0.2367,0.888,0.4393,0.5812,0.798,0.0,0.0,0.0,0.0,0.0,1.0
0.0,0.0,0.0,0.0,0.0,0.0,0.0,0.0,0.0,0.0,0.0,0.0,0.0,0.8318,0.0546,0.931,0.6553,0.0921,0.0528,0.1982,0.4875,0.0,0.0,0.0,0.0,0.0,1.0
0.0,0.0,0.0,0.0,0.0,0.0,0.0,0.0,0.0,0.0,0.0,0.0,0.0,0.327,0.5937,0.9812,0.977,0.0258,0.0307,0.6828,0.5129,0.0,0.0,0.0,0.0,0.0,1.0
0.0,0.0,0.0,0.0,0.0,0.0,0.0,0.0,0.0,0.0,0.0,0.0,0.0,0.9942,0.3561,0.8279,0.1311,0.7363,0.6762,0.2936,0.052,0.0,0.0,0.0,0.0,0.0,1.0
0.0,0.0,0.0,0.0,0.0,0.0,0.0,0.0,0.0,0.0,0.0,0.0,0.0,0.2567,0.4604,0.9882,0.749,0.0806,0.3731,0.1808,0.2374,0.0,0.0,0.0,0.0,0.0,1.0
0.0,0.0,0.0,0.0,0.0,0.0,0.0,0.0,0.0,0.0,0.0,0.0,0.0,0.8332,0.9193,0.944,0.6518,0.0373,0.7234,0.8273,0.9301,0.0,0.0,0.0,0.0,0.0,1.0
0.0,0.0,0.0,0.0,0.0,0.0,0.0,0.0,0.0,0.0,0.0,0.0,0.0,0.5818,0.6327,0.9517,0.7347,0.0207,0.5317,0.3438,0.5467,0.0,0.0,0.0,0.0,0.0,1.0
0.0,0.0,0.0,0.0,0.0,0.0,0.0,0.0,0.0,0.0,0.0,0.0,0.0,0.9262,0.2787,0.0163,0.1807,0.3782,0.9444,0.5751,0.2878,0.0,0.0,0.0,0.0,0.0,1.0
0.0,0.0,0.0,0.0,0.0,0.0,0.0,0.0,0.0,0.0,0.0,0.0,0.0,0.2129,0.4787,0.7495,0.6694,0.5865,0.4966,0.652,0.168,0.0,0.0,0.0,0.0,0.0,1.0
0.0,0.0,0.0,0.0,0.0,0.0,0.0,0.0,0.0,0.0,0.0,0.0,0.0,0.2767,0.5151,0.5791,0.4965,0.1013,0.3354,0.3452,0.8384,0.0,0.0,0.0,0.0,0.0,1.0
0.0,0.0,0.0,0.0,0.0,0.0,0.0,0.0,0.0,0.0,0.0,0.0,0.0,0.5795,0.5989,0.5495,0.2173,0.6285,0.0674,0.4149,0.5522,0.0,0.0,0.0,0.0,0.0,1.0
0.0,0.0,0.0,0.0,0.0,0.0,0.0,0.0,0.0,0.0,0.0,0.0,0.0,0.3314,0.8183,0.7951,0.3319,0.6133,0.9144,0.3953,0.5429,0.0,0.0,0.0,0.0,0.0,1.0
0.0,0.0,0.0,0.0,0.0,0.0,0.0,0.0,0.0,0.0,0.0,0.0,0.0,0.508,0.1042,0.599,0.6734,0.1369,0.0527,0.6608,0.9096,0.0,0.0,0.0,0.0,0.0,1.0
0.0,0.0,0.0,0.0,0.0,0.0,0.0,0.0,0.0,0.0,0.0,0.0,0.0,0.9203,0.2088,0.6619,0.3847,0.4018,0.4362,0.7935,0.1486,0.0,0.0,0.0,0.0,0.0,1.0
0.0,0.0,0.0,0.0,0.0,0.0,0.0,0.0,0.0,0.0,0.0,0.0,0.0,0.2081,0.9596,0.1292,0.0026,0.1718,0.4497,0.9483,0.8505,0.0,0.0,0.0,0.0,0.0,1.0
0.0,0.0,0.0,0.0,0.0,0.0,0.0,0.0,0.0,0.0,0.0,0.0,0.0,0.7259,0.1078,0.7751,0.8127,0.749,0.2161,0.5655,0.4122,0.0,0.0,0.0,0.0,0.0,1.0
0.0,0.0,0.0,0.0,0.0,0.0,0.0,0.0,0.0,0.0,0.0,0.0,0.0,0.2327,0.194,0.3446,0.7917,0.7587,0.8356,0.1594,0.763,0.0,0.0,0.0,0.0,0.0,1.0
0.0,0.0,0.0,0.0,0.0,0.0,0.0,0.0,0.0,0.0,0.0,0.0,0.0,0.0493,0.6837,0.3135,0.8285,0.6337,0.9844,0.9665,0.074,0.0,0.0,0.0,0.0,0.0,1.0
0.0,0.0,0.0,0.0,0.0,0.0,0.0,0.0,0.0,0.0,0.0,0.0,0.0,0.3274,0.4545,0.3981,0.2234,0.4837,0.7093,0.8097,0.9122,0.0,0.0,0.0,0.0,0.0,1.0
0.0,0.0,0.0,0.0,0.0,0.0,0.0,0.0,0.0,0.0,0.0,0.0,0.0,0.0348,0.9707,0.9445,0.8461,0.5722,0.7273,0.4049,0.0316,0.0,0.0,0.0,0.0,0.0,1.0
0.0,0.0,0.0,0.0,0.0,0.0,0.0,0.0,0.0,0.0,0.0,0.0,0.0,0.4186,0.7141,0.5593,0.7535,0.7897,0.7655,0.577,0.736,0.0,0.0,0.0,0.0,0.0,1.0
0.0,0.0,0.0,0.0,0.0,0.0,0.0,0.0,0.0,0.0,0.0,0.0,0.0,0.6591,0.651,0.2149,0.6382,0.1365,0.2063,0.7788,0.5877,0.0,0.0,0.0,0.0,0.0,1.0
0.0,0.0,0.0,0.0,0.0,0.0,0.0,0.0,0.0,0.0,0.0,0.0,0.0,0.8831,0.1785,0.9961,0.7155,0.0552,0.5308,0.0159,0.5313,0.0,0.0,0.0,0.0,0.0,1.0
0.0,0.0,0.0,0.0,0.0,0.0,0.0,0.0,0.0,0.0,0.0,0.0,0.0,0.6029,0.9052,0.4806,0.074,0.4665,0.3864,0.8573,0.4178,0.0,0.0,0.0,0.0,0.0,1.0
0.0,0.0,0.0,0.0,0.0,0.0,0.0,0.0,0.0,0.0,0.0,0.0,0.0,0.2668,0.6596,0.3033,0.6984,0.4396,0.6167,0.2419,0.0148,0.0,0.0,0.0,0.0,0.0,1.0
0.0,0.0,0.0,0.0,0.0,0.0,0.0,0.0,0.0,0.0,0.0,0.0,0.0,0.4267,0.2615,0.4195,0.3525,0.7017,0.2289,0.6445,0.7299,0.0,0.0,0.0,0.0,0.0,1.0
0.0,0.0,0.0,0.0,0.0,0.0,0.0,0.0,0.0,0.0,0.0,0.0,0.0,0.1679,0.3627,0.4518,0.4483,0.2118,0.5689,0.9,0.4138,0.0,0.0,0.0,0.0,0.0,1.0
0.0,0.0,0.0,0.0,0.0,0.0,0.0,0.0,0.0,0.0,0.0,0.0,0.0,0.0657,0.132,0.026,0.7311,0.8676,0.5061,0.7221,0.9726,0.0,0.0,0.0,0.0,0.0,1.0
0.0,0.0,0.0,0.0,0.0,0.0,0.0,0.0,0.0,0.0,0.0,0.0,0.0,0.7366,0.14,0.0322,0.4743,0.5933,0.0674,0.4553,0.8834,0.0,0.0,0.0,0.0,0.0,1.0
0.0,0.0,0.0,0.0,0.0,0.0,0.0,0.0,0.0,0.0,0.0,0.0,0.0,0.5145,0.4968,0.9222,0.7345,0.4717,0.6667,0.9521,0.2113,0.0,0.0,0.0,0.0,0.0,1.0
0.0,0.0,0.0,0.0,0.0,0.0,0.0,0.0,0.0,0.0,0.0,0.0,0.0,0.3507,0.6147,0.2045,0.6308,0.3394,0.1131,0.2499,0.9797,0.0,0.0,0.0,0.0,0.0,1.0
0.0,0.0,0.0,0.0,0.0,0.0,0.0,0.0,0.0,0.0,0.0,0.0,0.0,0.4174,0.4507,0.0277,0.5685,0.2503,0.499,0.2412,0.2532,0.0,0.0,0.0,0.0,0.0,1.0
0.0,0.0,0.0,0.0,0.0,0.0,0.0,0.0,0.0,0.0,0.0,0.0,0.0,0.4383,0.2168,0.4734,0.2824,0.228,0.3521,0.4481,0.8185,0.0,0.0,0.0,0.0,0.0,1.0
0.0,0.0,0.0,0.0,0.0,0.0,0.0,0.0,0.0,0.0,0.0,0.0,0.0,0.2532,0.9374,0.3651,0.0866,0.8759,0.0935,0.3299,0.9054,0.0,0.0,0.0,0.0,0.0,1.0
0.0,0.0,0.0,0.0,0.0,0.0,0.0,0.0,0.0,0.0,0.0,0.0,0.0,0.8304,0.9198,0.2105,0.364,0.1352,0.5574,0.7303,0.8018,0.0,0.0,0.0,0.0,0.0,1.0
0.0,0.0,0.0,0.0,0.0,0.0,0.0,0.0,0.0,0.0,0.0,0.0,0.0,0.1546,0.7091,0.1889,0.1771,0.6292,0.8392,0.401,0.9065,0.0,0.0,0.0,0.0,0.0,1.0
0.0,0.0,0.0,0.0,0.0,0.0,0.0,0.0,0.0,0.0,0.0,0.0,0.0,0.3122,0.6355,0.4337,0.433,0.3844,0.5683,0.4616,0.7253,0.0,0.0,0.0,0.0,0.0,1.0
0.0,0.0,0.0,0.0,0.0,0.0,0.0,0.0,0.0,0.0,0.0,0.0,0.0,0.3396,0.5417,0.8554,0.7755,0.5383,0.0399,0.7769,0.6694,0.0,0.0,0.0,0.0,0.0,1.0
0.0,0.0,0.0,0.0,0.0,0.0,0.0,0.0,0.0,0.0,0.0,0.0,0.0,0.8155,0.1347,0.6752,0.0825,0.9754,0.0795,0.0623,0.0979,0.0,0.0,0.0,0.0,0.0,1.0
0.0,0.0,0.0,0.0,0.0,0.0,0.0,0.0,0.0,0.0,0.0,0.0,0.0,0.0691,0.806,0.8083,0.464,0.5192,0.4231,0.1498,0.5796,0.0,0.0,0.0,0.0,0.0,1.0
0.0,0.0,0.0,0.0,0.0,0.0,0.0,0.0,0.0,0.0,0.0,0.0,0.0,0.5053,0.3144,0.5233,0.0017,0.6862,0.2723,0.4669,0.0597,0.0,0.0,0.0,0.0,0.0,1.0
0.0,0.0,0.0,0.0,0.0,0.0,0.0,0.0,0.0,0.0,0.0,0.0,0.0,0.1556,0.2862,0.4002,0.5854,0.4567,0.2709,0.2232,0.6886,0.0,0.0,0.0,0.0,0.0,1.0
0.0,0.0,0.0,0.0,0.0,0.0,0.0,0.0,0.0,0.0,0.0,0.0,0.0,0.6303,0.381,0.5346,0.1367,0.7856,0.1941,0.0548,0.1448,0.0,0.0,0.0,0.0,0.0,1.0
0.0,0.0,0.0,0.0,0.0,0.0,0.0,0.0,0.0,0.0,0.0,0.0,0.0,0.181,0.9017,0.6234,0.1022,0.0009,0.7708,0.7995,0.2091,0.0,0.0,0.0,0.0,0.0,1.0
0.0,0.0,0.0,0.0,0.0,0.0,0.0,0.0,0.0,0.0,0.0,0.0,0.0,0.0842,0.2565,0.6976,0.4582,0.7876,0.4999,0.6916,0.3135,0.0,0.0,0.0,0.0,0.0,1.0
0.0,0.0,0.0,0.0,0.0,0.0,0.0,0.0,0.0,0.0,0.0,0.0,0.0,0.6967,0.4079,0.0799,0.6024,0.1776,0.6398,0.8426,0.7806,0.0,0.0,0.0,0.0,0.0,1.0
0.0,0.0,0.0,0.0,0.0,0.0,0.0,0.0,0.0,0.0,0.0,0.0,0.0,0.3336,0.9354,0.3022,0.8377,0.5111,0.3811,0.0797,0.2313,0.0,0.0,0.0,0.0,0.0,1.0
0.0,0.0,0.0,0.0,0.0,0.0,0.0,0.0,0.0,0.0,0.0,0.0,0.0,0.6465,0.6301,0.7492,0.4976,0.5061,0.9063,0.0955,0.0365,0.0,0.0,0.0,0.0,0.0,1.0
0.0,0.0,0.0,0.0,0.0,0.0,0.0,0.0,0.0,0.0,0.0,0.0,0.0,0.4995,0.2441,0.6222,0.1718,0.5818,0.4866,0.4307,0.3254,0.0,0.0,0.0,0.0,0.0,1.0
0.0,0.0,0.0,0.0,0.0,0.0,0.0,0.0,0.0,0.0,0.0,0.0,0.0,0.7046,0.1664,0.0726,0.401,0.2888,0.9885,0.4423,0.9279,0.0,0.0,0.0,0.0,0.0,1.0
0.0,0.0,0.0,0.0,0.0,0.0,0.0,0.0,0.0,0.0,0.0,0.0,0.0,0.1843,0.9289,0.8083,0.8507,0.0079,0.2144,0.7738,0.8689,0.0,0.0,0.0,0.0,0.0,1.0
0.0,0.0,0.0,0.0,0.0,0.0,0.0,0.0,0.0,0.0,0.0,0.0,0.0,0.3514,0.711,0.2538,0.3858,0.5273,0.0039,0.9549,0.3171,0.0,0.0,0.0,0.0,0.0,1.0
0.0,0.0,0.0,0.0,0.0,0.0,0.0,0.0,0.0,0.0,0.0,0.0,0.0,0.9335,0.3555,0.3013,0.1624,0.5405,0.7494,0.0366,0.4005,0.0,0.0,0.0,0.0,0.0,1.0
0.0,0.0,0.0,0.0,0.0,0.0,0.0,0.0,0.0,0.0,0.0,0.0,0.0,0.9093,0.2525,0.2779,0.8671,0.656,0.1786,0.7043,0.9946,0.0,0.0,0.0,0.0,0.0,1.0
0.0,0.0,0.0,0.0,0.0,0.0,0.0,0.0,0.0,0.0,0.0,0.0,0.0,0.6339,0.2284,0.2026,0.1601,0.6929,0.7283,0.8356,0.3916,0.0,0.0,0.0,0.0,0.0,1.0
0.0,0.0,0.0,0.0,0.0,0.0,0.0,0.0,0.0,0.0,0.0,0.0,0.0,0.0085,0.5059,0.4722,0.3658,0.1989,0.8453,0.9637,0.958,0.0,0.0,0.0,0.0,0.0,1.0
0.0,0.0,0.0,0.0,0.0,0.0,0.0,0.0,0.0,0.0,0.0,0.0,0.0,0.8265,0.4147,0.7556,0.0732,0.879,0.1168,0.2042,0.5008,0.0,0.0,0.0,0.0,0.0,1.0
0.0,0.0,0.0,0.0,0.0,0.0,0.0,0.0,0.0,0.0,0.0,0.0,0.0,0.3956,0.7803,0.2511,0.0528,0.559,0.5715,0.2373,0.9266,0.0,0.0,0.0,0.0,0.0,1.0
0.0,0.0,0.0,0.0,0.0,0.0,0.0,0.0,0.0,0.0,0.0,0.0,0.0,0.92,0.7602,0.6923,0.8601,0.1202,0.8379,0.1767,0.1101,0.0,0.0,0.0,0.0,0.0,1.0
0.0,0.0,0.0,0.0,0.0,0.0,0.0,0.0,0.0,0.0,0.0,0.0,0.0,0.1847,0.9563,0.521,0.8882,0.5652,0.1168,0.1932,0.7481,0.0,0.0,0.0,0.0,0.0,1.0
0.0,0.0,0.0,0.0,0.0,0.0,0.0,0.0,0.0,0.0,0.0,0.0,0.0,0.9617,0.9126,0.8523,0.1333,0.2904,0.5336,0.0224,0.9889,0.0,0.0,0.0,0.0,0.0,1.0
0.0,0.0,0.0,0.0,0.0,0.0,0.0,0.0,0.0,0.0,0.0,0.0,0.0,0.5207,0.8486,0.4993,0.7862,0.6034,0.1417,0.6681,0.2157,0.0,0.0,0.0,0.0,0.0,1.0
0.0,0.0,0.0,0.0,0.0,0.0,0.0,0.0,0.0,0.0,0.0,0.0,0.0,0.7339,0.7457,0.8645,0.503,0.6642,0.8024,0.9165,0.7261,0.0,0.0,0.0,0.0,0.0,1.0
0.0,0.0,0.0,0.0,0.0,0.0,0.0,0.0,0.0,0.0,0.0,0.0,0.0,0.0207,0.1442,0.3058,0.8664,0.3415,0.2215,0.6997,0.907,0.0,0.0,0.0,0.0,0.0,1.0
0.0,0.0,0.0,0.0,0.0,0.0,0.0,0.0,0.0,0.0,0.0,0.0,0.0,0.1492,0.6681,0.7845,0.0326,0.0498,0.3766,0.8673,0.4356,0.0,0.0,0.0,0.0,0.0,1.0
0.0,0.0,0.0,0.0,0.0,0.0,0.0,0.0,0.0,0.0,0.0,0.0,0.0,0.0282,0.3031,0.6095,0.5467,0.9476,0.893,0.883,0.1785,0.0,0.0,0.0,0.0,0.0,1.0
0.0,0.0,0.0,0.0,0.0,0.0,0.0,0.0,0.0,0.0,0.0,0.0,0.0,0.8791,0.7473,0.476,0.934,0.9575,0.9978,0.0811,0.4114,0.0,0.0,0.0,0.0,0.0,1.0
0.0,0.0,0.0,0.0,0.0,0.0,0.0,0.0,0.0,0.0,0.0,0.0,0.0,0.1683,0.7356,0.3642,0.9874,0.9459,0.8853,0.1581,0.9698,0.0,0.0,0.0,0.0,0.0,1.0
0.0,0.0,0.0,0.0,0.0,0.0,0.0,0.0,0.0,0.0,0.0,0.0,0.0,0.3911,0.3176,0.9278,0.7779,0.1535,0.0426,0.1776,0.0247,0.0,0.0,0.0,0.0,0.0,1.0
0.0,0.0,0.0,0.0,0.0,0.0,0.0,0.0,0.0,0.0,0.0,0.0,0.0,0.6839,0.0278,0.7694,0.8278,0.1285,0.7119,0.1382,0.9136,0.0,0.0,0.0,0.0,0.0,1.0
0.0,0.0,0.0,0.0,0.0,0.0,0.0,0.0,0.0,0.0,0.0,0.0,0.0,0.6357,0.1919,0.3477,0.8998,0.8227,0.995,0.7262,0.5607,0.0,0.0,0.0,0.0,0.0,1.0
0.0,0.0,0.0,0.0,0.0,0.0,0.0,0.0,0.0,0.0,0.0,0.0,0.0,0.3125,0.397,0.7541,0.0438,0.3847,0.1992,0.7772,0.3297,0.0,0.0,0.0,0.0,0.0,1.0
0.0,0.0,0.0,0.0,0.0,0.0,0.0,0.0,0.0,0.0,0.0,0.0,0.0,0.0613,0.2355,0.6319,0.6727,0.8838,0.9859,0.9428,0.6998,0.0,0.0,0.0,0.0,0.0,1.0
0.0,0.0,0.0,0.0,0.0,0.0,0.0,0.0,0.0,0.0,0.0,0.0,0.0,0.4986,0.328,0.7942,0.874,0.7462,0.1773,0.5365,0.6011,0.0,0.0,0.0,0.0,0.0,1.0
0.0,0.0,0.0,0.0,0.0,0.0,0.0,0.0,0.0,0.0,0.0,0.0,0.0,0.7882,0.6331,0.3605,0.7239,0.6034,0.2668,0.1457,0.3903,0.0,0.0,0.0,0.0,0.0,1.0
0.0,0.0,0.0,0.0,0.0,0.0,0.0,0.0,0.0,0.0,0.0,0.0,0.0,0.8344,0.3454,0.1915,0.0415,0.2559,0.8628,0.7368,0.3557,0.0,0.0,0.0,0.0,0.0,1.0
0.0,0.0,0.0,0.0,0.0,0.0,0.0,0.0,0.0,0.0,0.0,0.0,0.0,0.1388,0.6246,0.326,0.6066,0.4386,0.2326,0.1814,0.7976,0.0,0.0,0.0,0.0,0.0,1.0
0.0,0.0,0.0,0.0,0.0,0.0,0.0,0.0,0.0,0.0,0.0,0.0,0.0,0.6545,0.8673,0.2697,0.1816,0.2964,0.4188,0.6935,0.9284,0.0,0.0,0.0,0.0,0.0,1.0
0.0,0.0,0.0,0.0,0.0,0.0,0.0,0.0,0.0,0.0,0.0,0.0,0.0,0.8288,0.7834,0.4111,0.8626,0.0719,0.3886,0.2822,0.8355,0.0,0.0,0.0,0.0,0.0,1.0
0.0,0.0,0.0,0.0,0.0,0.0,0.0,0.0,0.0,0.0,0.0,0.0,0.0,0.833,0.9597,0.4748,0.4907,0.8682,0.7077,0.8813,0.7617,0.0,0.0,0.0,0.0,0.0,1.0
0.0,0.0,0.0,0.0,0.0,0.0,0.0,0.0,0.0,0.0,0.0,0.0,0.0,0.0923,0.5315,0.6667,0.0947,0.2787,0.9815,0.6767,0.4451,0.0,0.0,0.0,0.0,0.0,1.0
0.0,0.0,0.0,0.0,0.0,0.0,0.0,0.0,0.0,0.0,0.0,0.0,0.0,0.962,0.6475,0.8335,0.8714,0.8378,0.0659,0.8844,0.8327,0.0,0.0,0.0,0.0,0.0,1.0
0.0,0.0,0.0,0.0,0.0,0.0,0.0,0.0,0.0,0.0,0.0,0.0,0.0,0.9229,0.7689,0.2458,0.1875,0.0279,0.8778,0.2237,0.1854,0.0,0.0,0.0,0.0,0.0,1.0
0.0,0.0,0.0,0.0,0.0,0.0,0.0,0.0,0.0,0.0,0.0,0.0,0.0,0.0635,0.8111,0.7802,0.9138,0.1497,0.2206,0.3849,0.9944,0.0,0.0,0.0,0.0,0.0,1.0
0.0,0.0,0.0,0.0,0.0,0.0,0.0,0.0,0.0,0.0,0.0,0.0,0.0,0.8681,0.478,0.8146,0.0968,0.1638,0.8761,0.6758,0.8448,0.0,0.0,0.0,0.0,0.0,1.0
0.0,0.0,0.0,0.0,0.0,0.0,0.0,0.0,0.0,0.0,0.0,0.0,0.0,0.3144,0.9095,0.4411,0.1608,0.4496,0.3434,0.1183,0.5383,0.0,0.0,0.0,0.0,0.0,1.0
0.0,0.0,0.0,0.0,0.0,0.0,0.0,0.0,0.0,0.0,0.0,0.0,0.0,0.6337,0.2223,0.0248,0.4607,0.2845,0.556,0.4288,0.3462,0.0,0.0,0.0,0.0,0.0,1.0
0.0,0.0,0.0,0.0,0.0,0.0,0.0,0.0,0.0,0.0,0.0,0.0,0.0,0.435,0.3337,0.3803,0.9761,0.103,0.8249,0.4573,0.4849,0.0,0.0,0.0,0.0,0.0,1.0
0.0,0.0,0.0,0.0,0.0,0.0,0.0,0.0,0.0,0.0,0.0,0.0,0.0,0.5613,0.863,0.3263,0.611,0.4092,0.8192,0.9449,0.9276,0.0,0.0,0.0,0.0,0.0,1.0
0.0,0.0,0.0,0.0,0.0,0.0,0.0,0.0,0.0,0.0,0.0,0.0,0.0,0.1256,0.4083,0.4511,0.7973,0.7419,0.0058,0.9776,0.8991,0.0,0.0,0.0,0.0,0.0,1.0
0.0,0.0,0.0,0.0,0.0,0.0,0.0,0.0,0.0,0.0,0.0,0.0,0.0,0.3484,0.9787,0.3999,0.3464,0.1493,0.028,0.9323,0.8375,0.0,0.0,0.0,0.0,0.0,1.0
0.0,0.0,0.0,0.0,0.0,0.0,0.0,0.0,0.0,0.0,0.0,0.0,0.0,0.7705,0.528,0.4755,0.5674,0.3876,0.6003,0.8476,0.8274,0.0,0.0,0.0,0.0,0.0,1.0
0.0,0.0,0.0,0.0,0.0,0.0,0.0,0.0,0.0,0.0,0.0,0.0,0.0,0.4117,0.0181,0.0297,0.3129,0.1767,0.5271,0.0321,0.5988,0.0,0.0,0.0,0.0,0.0,1.0
0.0,0.0,0.0,0.0,0.0,0.0,0.0,0.0,0.0,0.0,0.0,0.0,0.0,0.3765,0.1837,0.3237,0.9169,0.0649,0.6415,0.4791,0.2676,0.0,0.0,0.0,0.0,0.0,1.0
0.0,0.0,0.0,0.0,0.0,0.0,0.0,0.0,0.0,0.0,0.0,0.0,0.0,0.0744,0.1083,0.6342,0.3714,0.3732,0.0928,0.4602,0.7651,0.0,0.0,0.0,0.0,0.0,1.0
0.0,0.0,0.0,0.0,0.0,0.0,0.0,0.0,0.0,0.0,0.0,0.0,0.0,0.2377,0.2799,0.8902,0.6123,0.2602,0.3479,0.8591,0.1482,0.0,0.0,0.0,0.0,0.0,1.0
0.0,0.0,0.0,0.0,0.0,0.0,0.0,0.0,0.0,0.0,0.0,0.0,0.0,0.0643,0.4028,0.565,0.1824,0.5638,0.3373,0.5363,0.0575,0.0,0.0,0.0,0.0,0.0,1.0
0.0,0.0,0.0,0.0,0.0,0.0,0.0,0.0,0.0,0.0,0.0,0.0,0.0,0.1389,0.3374,0.9037,0.2333,0.9401,0.894,0.0956,0.2247,0.0,0.0,0.0,0.0,0.0,1.0
0.0,0.0,0.0,0.0,0.0,0.0,0.0,0.0,0.0,0.0,0.0,0.0,0.0,0.1677,0.5287,0.5288,0.5122,0.3684,0.8801,0.0507,0.9605,0.0,0.0,0.0,0.0,0.0,1.0
0.0,0.0,0.0,0.0,0.0,0.0,0.0,0.0,0.0,0.0,0.0,0.0,0.0,0.8601,0.0026,0.996,0.2261,0.0334,0.7215,0.6611,0.2555,0.0,0.0,0.0,0.0,0.0,1.0
0.0,0.0,0.0,0.0,0.0,0.0,0.0,0.0,0.0,0.0,0.0,0.0,0.0,0.1204,0.5905,0.5223,0.821,0.0003,0.1581,0.1816,0.3849,0.0,0.0,0.0,0.0,0.0,1.0
0.0,0.0,0.0,0.0,0.0,0.0,0.0,0.0,0.0,0.0,0.0,0.0,0.0,0.2826,0.479,0.5256,0.2386,0.4645,0.9392,0.5994,0.824,0.0,0.0,0.0,0.0,0.0,1.0
0.0,0.0,0.0,0.0,0.0,0.0,0.0,0.0,0.0,0.0,0.0,0.0,0.0,0.8161,0.1257,0.0299,0.5108,0.4893,0.3912,0.1806,0.4457,0.0,0.0,0.0,0.0,0.0,1.0
0.0,0.0,0.0,0.0,0.0,0.0,0.0,0.0,0.0,0.0,0.0,0.0,0.0,0.7544,0.4496,0.1387,0.9925,0.3027,0.5218,0.3533,0.2878,0.0,0.0,0.0,0.0,0.0,1.0
0.0,0.0,0.0,0.0,0.0,0.0,0.0,0.0,0.0,0.0,0.0,0.0,0.0,0.1426,0.8243,0.7882,0.3911,0.2882,0.958,0.5251,0.7716,0.0,0.0,0.0,0.0,0.0,1.0
0.0,0.0,0.0,0.0,0.0,0.0,0.0,0.0,0.0,0.0,0.0,0.0,0.0,0.7165,0.3617,0.6332,0.4424,0.812,0.0465,0.2002,0.9733,0.0,0.0,0.0,0.0,0.0,1.0
0.0,0.0,0.0,0.0,0.0,0.0,0.0,0.0,0.0,0.0,0.0,0.0,0.0,0.8861,0.8456,0.0134,0.4937,0.0495,0.979,0.3216,0.3749,0.0,0.0,0.0,0.0,0.0,1.0
0.0,0.0,0.0,0.0,0.0,0.0,0.0,0.0,0.0,0.0,0.0,0.0,0.0,0.3917,0.0724,0.0499,0.3,0.4797,0.4014,0.9515,0.572,0.0,0.0,0.0,0.0,0.0,1.0
0.0,0.0,0.0,0.0,0.0,0.0,0.0,0.0,0.0,0.0,0.0,0.0,0.0,0.3346,0.4124,0.128,0.1073,0.1329,0.1229,0.3703,0.5414,0.0,0.0,0.0,0.0,0.0,1.0
0.0,0.0,0.0,0.0,0.0,0.0,0.0,0.0,0.0,0.0,0.0,0.0,0.0,0.3476,0.149,0.6573,0.8928,0.0386,0.617,0.651,0.2019,0.0,0.0,0.0,0.0,0.0,1.0
0.0,0.0,0.0,0.0,0.0,0.0,0.0,0.0,0.0,0.0,0.0,0.0,0.0,0.4841,0.6879,0.2279,0.1261,0.0765,0.1901,0.3394,0.8404,0.0,0.0,0.0,0.0,0.0,1.0
0.0,0.0,0.0,0.0,0.0,0.0,0.0,0.0,0.0,0.0,0.0,0.0,0.0,0.6009,0.7646,0.6571,0.8238,0.2078,0.7718,0.3128,0.2913,0.0,0.0,0.0,0.0,0.0,1.0
0.0,0.0,0.0,0.0,0.0,0.0,0.0,0.0,0.0,0.0,0.0,0.0,0.0,0.2867,0.1741,0.9096,0.9898,0.5142,0.9642,0.0072,0.9391,0.0,0.0,0.0,0.0,0.0,1.0
0.0,0.0,0.0,0.0,0.0,0.0,0.0,0.0,0.0,0.0,0.0,0.0,0.0,0.1788,0.0524,0.1896,0.79,0.4276,0.019,0.192,0.4573,0.0,0.0,0.0,0.0,0.0,1.0
0.0,0.0,0.0,0.0,0.0,0.0,0.0,0.0,0.0,0.0,0.0,0.0,0.0,0.4766,0.7866,0.3549,0.5011,0.6172,0.9345,0.5574,0.9941,0.0,0.0,0.0,0.0,0.0,1.0
0.0,0.0,0.0,0.0,0.0,0.0,0.0,0.0,0.0,0.0,0.0,0.0,0.0,0.1709,0.6269,0.2123,0.9001,0.3384,0.7513,0.4285,0.3472,0.0,0.0,0.0,0.0,0.0,1.0
0.0,0.0,0.0,0.0,0.0,0.0,0.0,0.0,0.0,0.0,0.0,0.0,0.0,0.4219,0.4721,0.6942,0.368,0.0927,0.9261,0.3325,0.5587,0.0,0.0,0.0,0.0,0.0,1.0
0.0,0.0,0.0,0.0,0.0,0.0,0.0,0.0,0.0,0.0,0.0,0.0,0.0,0.1154,0.02,0.4632,0.5512,0.9498,0.1916,0.744,0.3911,0.0,0.0,0.0,0.0,0.0,1.0
0.0,0.0,0.0,0.0,0.0,0.0,0.0,0.0,0.0,0.0,0.0,0.0,0.0,0.5803,0.3935,0.7377,0.885,0.7504,0.2408,0.7504,0.7279,0.0,0.0,0.0,0.0,0.0,1.0
0.0,0.0,0.0,0.0,0.0,0.0,0.0,0.0,0.0,0.0,0.0,0.0,0.0,0.7805,0.3761,0.7908,0.6382,0.8017,0.9492,0.1475,0.4145,0.0,0.0,0.0,0.0,0.0,1.0
0.0,0.0,0.0,0.0,0.0,0.0,0.0,0.0,0.0,0.0,0.0,0.0,0.0,0.3046,0.1276,0.2525,0.4647,0.4379,0.667,0.162,0.7148,0.0,0.0,0.0,0.0,0.0,1.0
0.0,0.0,0.0,0.0,0.0,0.0,0.0,0.0,0.0,0.0,0.0,0.0,0.0,0.228,0.7505,0.4141,0.6544,0.3615,0.3015,0.8102,0.8557,0.0,0.0,0.0,0.0,0.0,1.0
0.0,0.0,0.0,0.0,0.0,0.0,0.0,0.0,0.0,0.0,0.0,0.0,0.0,0.4638,0.4375,0.8313,0.7908,0.7039,0.7957,0.8223,0.9242,0.0,0.0,0.0,0.0,0.0,1.0
0.0,0.0,0.0,0.0,0.0,0.0,0.0,0.0,0.0,0.0,0.0,0.0,0.0,0.8267,0.3321,0.5461,0.5456,0.3779,0.8819,0.4928,0.2151,0.0,0.0,0.0,0.0,0.0,1.0
0.0,0.0,0.0,0.0,0.0,0.0,0.0,0.0,0.0,0.0,0.0,0.0,0.0,0.5604,0.4422,0.4941,0.6213,0.5802,0.3902,0.7423,0.9086,0.0,0.0,0.0,0.0,0.0,1.0
0.0,0.0,0.0,0.0,0.0,0.0,0.0,0.0,0.0,0.0,0.0,0.0,0.0,0.3401,0.3691,0.266,0.6496,0.3927,0.9888,0.1673,0.2,0.0,0.0,0.0,0.0,0.0,1.0
0.0,0.0,0.0,0.0,0.0,0.0,0.0,0.0,0.0,0.0,0.0,0.0,0.0,0.949,0.6383,0.6289,0.7856,0.3733,0.693,0.0343,0.1942,0.0,0.0,0.0,0.0,0.0,1.0
0.0,0.0,0.0,0.0,0.0,0.0,0.0,0.0,0.0,0.0,0.0,0.0,0.0,0.8679,0.4324,0.3227,0.9727,0.766,0.5362,0.9878,0.155,0.0,0.0,0.0,0.0,0.0,1.0
0.0,0.0,0.0,0.0,0.0,0.0,0.0,0.0,0.0,0.0,0.0,0.0,0.0,0.0266,0.9556,0.7216,0.3135,0.2413,0.1564,0.8442,0.017,0.0,0.0,0.0,0.0,0.0,1.0
0.0,0.0,0.0,0.0,0.0,0.0,0.0,0.0,0.0,0.0,0.0,0.0,0.0,0.9977,0.4145,0.6259,0.4547,0.1383,0.4166,0.4669,0.3208,0.0,0.0,0.0,0.0,0.0,1.0
0.0,0.0,0.0,0.0,0.0,0.0,0.0,0.0,0.0,0.0,0.0,0.0,0.0,0.7741,0.8732,0.2431,0.6191,0.5916,0.2124,0.7781,0.2494,0.0,0.0,0.0,0.0,0.0,1.0
0.0,0.0,0.0,0.0,0.0,0.0,0.0,0.0,0.0,0.0,0.0,0.0,0.0,0.7396,0.2565,0.968,0.3038,0.7816,0.3523,0.4123,0.5682,0.0,0.0,0.0,0.0,0.0,1.0
0.0,0.0,0.0,0.0,0.0,0.0,0.0,0.0,0.0,0.0,0.0,0.0,0.0,0.6023,0.3792,0.7353,0.8434,0.5307,0.0091,0.9143,0.6356,0.0,0.0,0.0,0.0,0.0,1.0
0.0,0.0,0.0,0.0,0.0,0.0,0.0,0.0,0.0,0.0,0.0,0.0,0.0,0.6475,0.3832,0.1859,0.6464,0.772,0.404,0.8411,0.6968,0.0,0.0,0.0,0.0,0.0,1.0
0.0,0.0,0.0,0.0,0.0,0.0,0.0,0.0,0.0,0.0,0.0,0.0,0.0,0.2163,0.941,0.6909,0.5808,0.1372,0.702,0.96,0.3972,0.0,0.0,0.0,0.0,0.0,1.0
0.0,0.0,0.0,0.0,0.0,0.0,0.0,0.0,0.0,0.0,0.0,0.0,0.0,0.9855,0.3073,0.8506,0.0405,0.2421,0.0837,0.0404,0.0995,0.0,0.0,0.0,0.0,0.0,1.0
0.0,0.0,0.0,0.0,0.0,0.0,0.0,0.0,0.0,0.0,0.0,0.0,0.0,0.6945,0.8108,0.1132,0.1249,0.3572,0.6749,0.1638,0.8,0.0,0.0,0.0,0.0,0.0,1.0
0.0,0.0,0.0,0.0,0.0,0.0,0.0,0.0,0.0,0.0,0.0,0.0,0.0,0.4947,0.7601,0.3551,0.1074,0.3494,0.1096,0.3963,0.8582,0.0,0.0,0.0,0.0,0.0,1.0
0.0,0.0,0.0,0.0,0.0,0.0,0.0,0.0,0.0,0.0,0.0,0.0,0.0,0.6483,0.3559,0.8565,0.3374,0.4628,0.9199,0.5097,0.0883,0.0,0.0,0.0,0.0,0.0,1.0
0.0,0.0,0.0,0.0,0.0,0.0,0.0,0.0,0.0,0.0,0.0,0.0,0.0,0.2165,0.4333,0.3423,0.8331,0.8612,0.9053,0.0835,0.1398,0.0,0.0,0.0,0.0,0.0,1.0
0.0,0.0,0.0,0.0,0.0,0.0,0.0,0.0,0.0,0.0,0.0,0.0,0.0,0.4373,0.4839,0.6342,0.687,0.7379,0.0863,0.5274,0.2771,0.0,0.0,0.0,0.0,0.0,1.0
0.0,0.0,0.0,0.0,0.0,0.0,0.0,0.0,0.0,0.0,0.0,0.0,0.0,0.3194,0.7508,0.1853,0.3542,0.096,0.5032,0.0131,0.2349,0.0,0.0,0.0,0.0,0.0,1.0
0.0,0.0,0.0,0.0,0.0,0.0,0.0,0.0,0.0,0.0,0.0,0.0,0.0,0.0714,0.0941,0.5435,0.0151,0.1046,0.5981,0.7877,0.4599,0.0,0.0,0.0,0.0,0.0,1.0
0.0,0.0,0.0,0.0,0.0,0.0,0.0,0.0,0.0,0.0,0.0,0.0,0.0,0.2052,0.9756,0.4473,0.2607,0.3485,0.0375,0.0725,0.4017,0.0,0.0,0.0,0.0,0.0,1.0
0.0,0.0,0.0,0.0,0.0,0.0,0.0,0.0,0.0,0.0,0.0,0.0,0.0,0.7659,0.0184,0.1852,0.1615,0.8624,0.9486,0.168,0.2851,0.0,0.0,0.0,0.0,0.0,1.0
0.0,0.0,0.0,0.0,0.0,0.0,0.0,0.0,0.0,0.0,0.0,0.0,0.0,0.5087,0.8353,0.2334,0.2459,0.7094,0.0477,0.5678,0.8726,0.0,0.0,0.0,0.0,0.0,1.0
0.0,0.0,0.0,0.0,0.0,0.0,0.0,0.0,0.0,0.0,0.0,0.0,0.0,0.3041,0.7932,0.6908,0.9369,0.2005,0.9555,0.4516,0.2348,0.0,0.0,0.0,0.0,0.0,1.0
0.0,0.0,0.0,0.0,0.0,0.0,0.0,0.0,0.0,0.0,0.0,0.0,0.0,0.7586,0.9012,0.1053,0.4693,0.6943,0.5288,0.5866,0.2428,0.0,0.0,0.0,0.0,0.0,1.0
0.0,0.0,0.0,0.0,0.0,0.0,0.0,0.0,0.0,0.0,0.0,0.0,0.0,0.2969,0.716,0.7848,0.8386,0.5353,0.7768,0.4033,0.3556,0.0,0.0,0.0,0.0,0.0,1.0
0.0,0.0,0.0,0.0,0.0,0.0,0.0,0.0,0.0,0.0,0.0,0.0,0.0,0.8147,0.9135,0.5048,0.0347,0.4182,0.6037,0.849,0.4913,0.0,0.0,0.0,0.0,0.0,1.0
0.0,0.0,0.0,0.0,0.0,0.0,0.0,0.0,0.0,0.0,0.0,0.0,0.0,0.8282,0.6639,0.7963,0.2851,0.4074,0.753,0.6375,0.9802,0.0,0.0,0.0,0.0,0.0,1.0
0.0,0.0,0.0,0.0,0.0,0.0,0.0,0.0,0.0,0.0,0.0,0.0,0.0,0.5473,0.682,0.8757,0.8138,0.1001,0.044,0.6444,0.3889,0.0,0.0,0.0,0.0,0.0,1.0
0.0,0.0,0.0,0.0,0.0,0.0,0.0,0.0,0.0,0.0,0.0,0.0,0.0,0.8812,0.1377,0.9523,0.8205,0.2714,0.9821,0.1901,0.4204,0.0,0.0,0.0,0.0,0.0,1.0
0.0,0.0,0.0,0.0,0.0,0.0,0.0,0.0,0.0,0.0,0.0,0.0,0.0,0.2835,0.2798,0.0153,0.2471,0.2416,0.6275,0.8296,0.6042,0.0,0.0,0.0,0.0,0.0,1.0
0.0,0.0,0.0,0.0,0.0,0.0,0.0,0.0,0.0,0.0,0.0,0.0,0.0,0.9805,0.252,0.5706,0.5723,0.9531,0.1231,0.711,0.2824,0.0,0.0,0.0,0.0,0.0,1.0
0.0,0.0,0.0,0.0,0.0,0.0,0.0,0.0,0.0,0.0,0.0,0.0,0.0,0.3161,0.5397,0.6024,0.5404,0.2979,0.1609,0.3761,0.1637,0.0,0.0,0.0,0.0,0.0,1.0
0.0,0.0,0.0,0.0,0.0,0.0,0.0,0.0,0.0,0.0,0.0,0.0,0.0,0.296,0.7811,0.6102,0.0402,0.1013,0.4979,0.1834,0.9519,0.0,0.0,0.0,0.0,0.0,1.0
0.0,0.0,0.0,0.0,0.0,0.0,0.0,0.0,0.0,0.0,0.0,0.0,0.0,0.5452,0.3822,0.5452,0.6517,0.8979,0.4395,0.6516,0.3606,0.0,0.0,0.0,0.0,0.0,1.0
0.0,0.0,0.0,0.0,0.0,0.0,0.0,0.0,0.0,0.0,0.0,0.0,0.0,0.3782,0.6152,0.5421,0.1054,0.7377,0.0824,0.5796,0.6087,0.0,0.0,0.0,0.0,0.0,1.0
0.0,0.0,0.0,0.0,0.0,0.0,0.0,0.0,0.0,0.0,0.0,0.0,0.0,0.9389,0.5513,0.7275,0.3777,0.2392,0.0614,0.6951,0.9841,0.0,0.0,0.0,0.0,0.0,1.0
0.0,0.0,0.0,0.0,0.0,0.0,0.0,0.0,0.0,0.0,0.0,0.0,0.0,0.7787,0.867,0.5651,0.9891,0.6959,0.2791,0.364,0.9957,0.0,0.0,0.0,0.0,0.0,1.0
0.0,0.0,0.0,0.0,0.0,0.0,0.0,0.0,0.0,0.0,0.0,0.0,0.0,0.0268,0.2769,0.1145,0.9007,0.5241,0.3599,0.3749,0.2002,0.0,0.0,0.0,0.0,0.0,1.0
0.0,0.0,0.0,0.0,0.0,0.0,0.0,0.0,0.0,0.0,0.0,0.0,0.0,0.889,0.5592,0.7452,0.3364,0.9398,0.9678,0.3908,0.2168,0.0,0.0,0.0,0.0,0.0,1.0
0.0,0.0,0.0,0.0,0.0,0.0,0.0,0.0,0.0,0.0,0.0,0.0,0.0,0.9863,0.706,0.1075,0.5846,0.3304,0.4193,0.2878,0.8473,0.0,0.0,0.0,0.0,0.0,1.0
0.0,0.0,0.0,0.0,0.0,0.0,0.0,0.0,0.0,0.0,0.0,0.0,0.0,0.1744,0.4405,0.077,0.6388,0.2969,0.5141,0.3519,0.4038,0.0,0.0,0.0,0.0,0.0,1.0
0.0,0.0,0.0,0.0,0.0,0.0,0.0,0.0,0.0,0.0,0.0,0.0,0.0,0.857,0.265,0.3442,0.8732,0.8535,0.805,0.047,0.9038,0.0,0.0,0.0,0.0,0.0,1.0
0.0,0.0,0.0,0.0,0.0,0.0,0.0,0.0,0.0,0.0,0.0,0.0,0.0,0.343,0.7394,0.5245,0.128,0.779,0.9241,0.9179,0.7407,0.0,0.0,0.0,0.0,0.0,1.0
0.0,0.0,0.0,0.0,0.0,0.0,0.0,0.0,0.0,0.0,0.0,0.0,0.0,0.0542,0.6868,0.6022,0.4894,0.7993,0.7341,0.1604,0.2959,0.0,0.0,0.0,0.0,0.0,1.0
0.0,0.0,0.0,0.0,0.0,0.0,0.0,0.0,0.0,0.0,0.0,0.0,0.0,0.9374,0.0665,0.3999,0.0204,0.4417,0.1504,0.0511,0.2128,0.0,0.0,0.0,0.0,0.0,1.0
0.0,0.0,0.0,0.0,0.0,0.0,0.0,0.0,0.0,0.0,0.0,0.0,0.0,0.1386,0.1109,0.3592,0.6884,0.6365,0.846,0.188,0.5373,0.0,0.0,0.0,0.0,0.0,1.0
0.0,0.0,0.0,0.0,0.0,0.0,0.0,0.0,0.0,0.0,0.0,0.0,0.0,0.5573,0.6263,0.5757,0.0499,0.3652,0.0282,0.8788,0.2835,0.0,0.0,0.0,0.0,0.0,1.0
0.0,0.0,0.0,0.0,0.0,0.0,0.0,0.0,0.0,0.0,0.0,0.0,0.0,0.4052,0.4356,0.5103,0.3701,0.9978,0.2616,0.4156,0.1649,0.0,0.0,0.0,0.0,0.0,1.0
0.0,0.0,0.0,0.0,0.0,0.0,0.0,0.0,0.0,0.0,0.0,0.0,0.0,0.3446,0.3776,0.5553,0.6801,0.5992,0.9077,0.2711,0.335,0.0,0.0,0.0,0.0,0.0,1.0
0.0,0.0,0.0,0.0,0.0,0.0,0.0,0.0,0.0,0.0,0.0,0.0,0.0,0.1231,0.5326,0.8752,0.4427,0.6812,0.0148,0.611,0.0086,0.0,0.0,0.0,0.0,0.0,1.0
0.0,0.0,0.0,0.0,0.0,0.0,0.0,0.0,0.0,0.0,0.0,0.0,0.0,0.9201,0.6774,0.2014,0.9065,0.9018,0.7133,0.3745,0.9435,0.0,0.0,0.0,0.0,0.0,1.0
0.0,0.0,0.0,0.0,0.0,0.0,0.0,0.0,0.0,0.0,0.0,0.0,0.0,0.5838,0.5624,0.4592,0.5149,0.6776,0.3405,0.2851,0.0327,0.0,0.0,0.0,0.0,0.0,1.0
0.0,0.0,0.0,0.0,0.0,0.0,0.0,0.0,0.0,0.0,0.0,0.0,0.0,0.9501,0.5976,0.3977,0.8686,0.0756,0.982,0.7833,0.4506,0.0,0.0,0.0,0.0,0.0,1.0
0.0,0.0,0.0,0.0,0.0,0.0,0.0,0.0,0.0,0.0,0.0,0.0,0.0,0.3113,0.7019,0.0899,0.4669,0.6783,0.409,0.3458,0.826,0.0,0.0,0.0,0.0,0.0,1.0
0.0,0.0,0.0,0.0,0.0,0.0,0.0,0.0,0.0,0.0,0.0,0.0,0.0,0.1651,0.6891,0.3698,0.5119,0.0146,0.4957,0.5621,0.8148,0.0,0.0,0.0,0.0,0.0,1.0
0.0,0.0,0.0,0.0,0.0,0.0,0.0,0.0,0.0,0.0,0.0,0.0,0.0,0.3521,0.5967,0.2375,0.6642,0.7384,0.1944,0.7247,0.9041,0.0,0.0,0.0,0.0,0.0,1.0
0.0,0.0,0.0,0.0,0.0,0.0,0.0,0.0,0.0,0.0,0.0,0.0,0.0,0.9096,0.1666,0.6317,0.091,0.803,0.3929,0.4939,0.0242,0.0,0.0,0.0,0.0,0.0,1.0
0.0,0.0,0.0,0.0,0.0,0.0,0.0,0.0,0.0,0.0,0.0,0.0,0.0,0.8041,0.8431,0.7472,0.0966,0.0772,0.244,0.7327,0.4018,0.0,0.0,0.0,0.0,0.0,1.0
0.0,0.0,0.0,0.0,0.0,0.0,0.0,0.0,0.0,0.0,0.0,0.0,0.0,0.8789,0.6519,0.3465,0.3571,0.9061,0.7138,0.6726,0.3135,0.0,0.0,0.0,0.0,0.0,1.0
0.0,0.0,0.0,0.0,0.0,0.0,0.0,0.0,0.0,0.0,0.0,0.0,0.0,0.6096,0.3677,0.1653,0.3026,0.1211,0.5784,0.2153,0.2947,0.0,0.0,0.0,0.0,0.0,1.0
0.0,0.0,0.0,0.0,0.0,0.0,0.0,0.0,0.0,0.0,0.0,0.0,0.0,0.4326,0.5661,0.1619,0.6221,0.0605,0.1843,0.9402,0.2521,0.0,0.0,0.0,0.0,0.0,1.0
0.0,0.0,0.0,0.0,0.0,0.0,0.0,0.0,0.0,0.0,0.0,0.0,0.0,0.0536,0.8912,0.4458,0.3644,0.6601,0.1454,0.8037,0.0323,0.0,0.0,0.0,0.0,0.0,1.0
0.0,0.0,0.0,0.0,0.0,0.0,0.0,0.0,0.0,0.0,0.0,0.0,0.0,0.6272,0.8431,0.7499,0.5579,0.0398,0.4529,0.072,0.8749,0.0,0.0,0.0,0.0,0.0,1.0
0.0,0.0,0.0,0.0,0.0,0.0,0.0,0.0,0.0,0.0,0.0,0.0,0.0,0.9246,0.2851,0.9412,0.6493,0.5553,0.4326,0.5412,0.5469,0.0,0.0,0.0,0.0,0.0,1.0
0.0,0.0,0.0,0.0,0.0,0.0,0.0,0.0,0.0,0.0,0.0,0.0,0.0,0.8008,0.9966,0.165,0.1627,0.9763,0.7658,0.1978,0.7283,0.0,0.0,0.0,0.0,0.0,1.0
0.0,0.0,0.0,0.0,0.0,0.0,0.0,0.0,0.0,0.0,0.0,0.0,0.0,0.4714,0.1329,0.9694,0.5951,0.381,0.0603,0.1104,0.56,0.0,0.0,0.0,0.0,0.0,1.0
0.0,0.0,0.0,0.0,0.0,0.0,0.0,0.0,0.0,0.0,0.0,0.0,0.0,0.2993,0.0199,0.7814,0.1473,0.8131,0.6312,0.3481,0.3415,0.0,0.0,0.0,0.0,0.0,1.0
0.0,0.0,0.0,0.0,0.0,0.0,0.0,0.0,0.0,0.0,0.0,0.0,0.0,0.288,0.2509,0.553,0.8769,0.7276,0.6869,0.0024,0.7386,0.0,0.0,0.0,0.0,0.0,1.0
0.0,0.0,0.0,0.0,0.0,0.0,0.0,0.0,0.0,0.0,0.0,0.0,0.0,0.8913,0.278,0.6568,0.241,0.1941,0.2408,0.5185,0.0766,0.0,0.0,0.0,0.0,0.0,1.0
0.0,0.0,0.0,0.0,0.0,0.0,0.0,0.0,0.0,0.0,0.0,0.0,0.0,0.4629,0.0562,0.617,0.0615,0.0091,0.8154,0.6701,0.2033,0.0,0.0,0.0,0.0,0.0,1.0
0.0,0.0,0.0,0.0,0.0,0.0,0.0,0.0,0.0,0.0,0.0,0.0,0.0,0.4912,0.9621,0.4459,0.68,0.6059,0.3248,0.3533,0.441,0.0,0.0,0.0,0.0,0.0,1.0
0.0,0.0,0.0,0.0,0.0,0.0,0.0,0.0,0.0,0.0,0.0,0.0,0.0,0.2673,0.2538,0.1492,0.4101,0.0868,0.7859,0.4039,0.5199,0.0,0.0,0.0,0.0,0.0,1.0
0.0,0.0,0.0,0.0,0.0,0.0,0.0,0.0,0.0,0.0,0.0,0.0,0.0,0.4514,0.8815,0.331,0.2205,0.0835,0.1708,0.0517,0.7847,0.0,0.0,0.0,0.0,0.0,1.0
0.0,0.0,0.0,0.0,0.0,0.0,0.0,0.0,0.0,0.0,0.0,0.0,0.0,0.5658,0.0763,0.8282,0.0731,0.9292,0.3783,0.0473,0.9771,0.0,0.0,0.0,0.0,0.0,1.0
0.0,0.0,0.0,0.0,0.0,0.0,0.0,0.0,0.0,0.0,0.0,0.0,0.0,0.5033,0.2193,0.006,0.1417,0.879,0.6505,0.5374,0.6123,0.0,0.0,0.0,0.0,0.0,1.0
0.0,0.0,0.0,0.0,0.0,0.0,0.0,0.0,0.0,0.0,0.0,0.0,0.0,0.6036,0.227,0.5072,0.5493,0.4235,0.253,0.4683,0.3462,0.0,0.0,0.0,0.0,0.0,1.0
0.0,0.0,0.0,0.0,0.0,0.0,0.0,0.0,0.0,0.0,0.0,0.0,0.0,0.7642,0.6694,0.289,0.4055,0.5999,0.5179,0.0233,0.6449,0.0,0.0,0.0,0.0,0.0,1.0
0.0,0.0,0.0,0.0,0.0,0.0,0.0,0.0,0.0,0.0,0.0,0.0,0.0,0.865,0.564,0.6093,0.9431,0.9822,0.5165,0.0395,0.2468,0.0,0.0,0.0,0.0,0.0,1.0
0.0,0.0,0.0,0.0,0.0,0.0,0.0,0.0,0.0,0.0,0.0,0.0,0.0,0.764,0.2972,0.3275,0.0515,0.7347,0.6523,0.0442,0.863,0.0,0.0,0.0,0.0,0.0,1.0
0.0,0.0,0.0,0.0,0.0,0.0,0.0,0.0,0.0,0.0,0.0,0.0,0.0,0.9672,0.1626,0.8896,0.3115,0.5363,0.0183,0.1316,0.2248,0.0,0.0,0.0,0.0,0.0,1.0
0.0,0.0,0.0,0.0,0.0,0.0,0.0,0.0,0.0,0.0,0.0,0.0,0.0,0.832,0.3521,0.4353,0.7316,0.1962,0.0116,0.2744,0.1065,0.0,0.0,0.0,0.0,0.0,1.0
0.0,0.0,0.0,0.0,0.0,0.0,0.0,0.0,0.0,0.0,0.0,0.0,0.0,0.1526,0.2127,0.8804,0.5263,0.9282,0.0151,0.7389,0.6469,0.0,0.0,0.0,0.0,0.0,1.0
0.0,0.0,0.0,0.0,0.0,0.0,0.0,0.0,0.0,0.0,0.0,0.0,0.0,0.6997,0.884,0.6631,0.7246,0.9772,0.2447,0.2367,0.8588,0.0,0.0,0.0,0.0,0.0,1.0
0.0,0.0,0.0,0.0,0.0,0.0,0.0,0.0,0.0,0.0,0.0,0.0,0.0,0.9871,0.0758,0.1911,0.7546,0.6315,0.8277,0.1734,0.6193,0.0,0.0,0.0,0.0,0.0,1.0
0.0,0.0,0.0,0.0,0.0,0.0,0.0,0.0,0.0,0.0,0.0,0.0,0.0,0.0691,0.323,0.733,0.2367,0.0089,0.2787,0.736,0.7153,0.0,0.0,0.0,0.0,0.0,1.0
0.0,0.0,0.0,0.0,0.0,0.0,0.0,0.0,0.0,0.0,0.0,0.0,0.0,0.3431,0.5604,0.6715,0.1825,0.014,0.8356,0.4881,0.1674,0.0,0.0,0.0,0.0,0.0,1.0
0.0,0.0,0.0,0.0,0.0,0.0,0.0,0.0,0.0,0.0,0.0,0.0,0.0,0.1813,0.1513,0.3398,0.2604,0.1157,0.7373,0.96,0.467,0.0,0.0,0.0,0.0,0.0,1.0
0.0,0.0,0.0,0.0,0.0,0.0,0.0,0.0,0.0,0.0,0.0,0.0,0.0,0.7584,0.9442,0.6101,0.9471,0.8376,0.9106,0.9255,0.7551,0.0,0.0,0.0,0.0,0.0,1.0
0.0,0.0,0.0,0.0,0.0,0.0,0.0,0.0,0.0,0.0,0.0,0.0,0.0,0.1874,0.4101,0.1363,0.7714,0.2508,0.0633,0.192,0.8831,0.0,0.0,0.0,0.0,0.0,1.0
0.0,0.0,0.0,0.0,0.0,0.0,0.0,0.0,0.0,0.0,0.0,0.0,0.0,0.9954,0.8541,0.6289,0.8463,0.1655,0.8422,0.6007,0.5953,0.0,0.0,0.0,0.0,0.0,1.0
0.0,0.0,0.0,0.0,0.0,0.0,0.0,0.0,0.0,0.0,0.0,0.0,0.0,0.7713,0.353,0.2767,0.0115,0.8474,0.1632,0.6605,0.9774,0.0,0.0,0.0,0.0,0.0,1.0
0.0,0.0,0.0,0.0,0.0,0.0,0.0,0.0,0.0,0.0,0.0,0.0,0.0,0.6638,0.4974,0.9995,0.8345,0.338,0.4966,0.2757,0.4842,0.0,0.0,0.0,0.0,0.0,1.0
0.0,0.0,0.0,0.0,0.0,0.0,0.0,0.0,0.0,0.0,0.0,0.0,0.0,0.7166,0.6656,0.4102,0.317,0.9604,0.2938,0.0233,0.0544,0.0,0.0,0.0,0.0,0.0,1.0
0.0,0.0,0.0,0.0,0.0,0.0,0.0,0.0,0.0,0.0,0.0,0.0,0.0,0.0878,0.7846,0.462,0.4235,0.9918,0.0746,0.6773,0.0701,0.0,0.0,0.0,0.0,0.0,1.0
0.0,0.0,0.0,0.0,0.0,0.0,0.0,0.0,0.0,0.0,0.0,0.0,0.0,0.4996,0.5064,0.9714,0.6823,0.2162,0.6459,0.8876,0.7511,0.0,0.0,0.0,0.0,0.0,1.0
0.0,0.0,0.0,0.0,0.0,0.0,0.0,0.0,0.0,0.0,0.0,0.0,0.0,0.5383,0.1986,0.7426,0.1355,0.2322,0.8607,0.5709,0.0573,0.0,0.0,0.0,0.0,0.0,1.0
0.0,0.0,0.0,0.0,0.0,0.0,0.0,0.0,0.0,0.0,0.0,0.0,0.0,0.2885,0.7606,0.943,0.745,0.4179,0.7064,0.4251,0.8913,0.0,0.0,0.0,0.0,0.0,1.0
0.0,0.0,0.0,0.0,0.0,0.0,0.0,0.0,0.0,0.0,0.0,0.0,0.0,0.4755,0.9921,0.7142,0.9416,0.3838,0.8921,0.6954,0.6174,0.0,0.0,0.0,0.0,0.0,1.0
0.0,0.0,0.0,0.0,0.0,0.0,0.0,0.0,0.0,0.0,0.0,0.0,0.0,0.6985,0.5103,0.1114,0.0268,0.4294,0.2109,0.319,0.9219,0.0,0.0,0.0,0.0,0.0,1.0
0.0,0.0,0.0,0.0,0.0,0.0,0.0,0.0,0.0,0.0,0.0,0.0,0.0,0.5645,0.8296,0.7478,0.5591,0.9284,0.0471,0.6181,0.1119,0.0,0.0,0.0,0.0,0.0,1.0
0.0,0.0,0.0,0.0,0.0,0.0,0.0,0.0,0.0,0.0,0.0,0.0,0.0,0.3031,0.2782,0.852,0.9453,0.9356,0.7805,0.4462,0.0527,0.0,0.0,0.0,0.0,0.0,1.0
0.0,0.0,0.0,0.0,0.0,0.0,0.0,0.0,0.0,0.0,0.0,0.0,0.0,0.4132,0.6558,0.9711,0.6875,0.4926,0.416,0.1959,0.5895,0.0,0.0,0.0,0.0,0.0,1.0
0.0,0.0,0.0,0.0,0.0,0.0,0.0,0.0,0.0,0.0,0.0,0.0,0.0,0.8677,0.1615,0.3477,0.0072,0.1523,0.9879,0.2599,0.6355,0.0,0.0,0.0,0.0,0.0,1.0
0.0,0.0,0.0,0.0,0.0,0.0,0.0,0.0,0.0,0.0,0.0,0.0,0.0,0.6222,0.3986,0.051,0.9277,0.5865,0.1263,0.1892,0.1793,0.0,0.0,0.0,0.0,0.0,1.0
0.0,0.0,0.0,0.0,0.0,0.0,0.0,0.0,0.0,0.0,0.0,0.0,0.0,0.4093,0.9119,0.7895,0.4976,0.8939,0.6618,0.2042,0.5685,0.0,0.0,0.0,0.0,0.0,1.0
0.0,0.0,0.0,0.0,0.0,0.0,0.0,0.0,0.0,0.0,0.0,0.0,0.0,0.9385,0.649,0.0931,0.9494,0.9164,0.0637,0.5407,0.0945,0.0,0.0,0.0,0.0,0.0,1.0
0.0,0.0,0.0,0.0,0.0,0.0,0.0,0.0,0.0,0.0,0.0,0.0,0.0,0.6353,0.0407,0.9854,0.8846,0.1775,0.9773,0.2672,0.4375,0.0,0.0,0.0,0.0,0.0,1.0
0.0,0.0,0.0,0.0,0.0,0.0,0.0,0.0,0.0,0.0,0.0,0.0,0.0,0.1705,0.4422,0.6728,0.2402,0.8498,0.3716,0.1935,0.2837,0.0,0.0,0.0,0.0,0.0,1.0
0.0,0.0,0.0,0.0,0.0,0.0,0.0,0.0,0.0,0.0,0.0,0.0,0.0,0.4445,0.7049,0.8758,0.5866,0.7509,0.1887,0.7399,0.7045,0.0,0.0,0.0,0.0,0.0,1.0
0.0,0.0,0.0,0.0,0.0,0.0,0.0,0.0,0.0,0.0,0.0,0.0,0.0,0.0967,0.2414,0.1246,0.7511,0.0579,0.7054,0.1319,0.9557,0.0,0.0,0.0,0.0,0.0,1.0
0.0,0.0,0.0,0.0,0.0,0.0,0.0,0.0,0.0,0.0,0.0,0.0,0.0,0.5712,0.7339,0.5574,0.0194,0.1922,0.2048,0.0518,0.8042,0.0,0.0,0.0,0.0,0.0,1.0
0.0,0.0,0.0,0.0,0.0,0.0,0.0,0.0,0.0,0.0,0.0,0.0,0.0,0.0137,0.3888,0.0884,0.9357,0.0902,0.3827,0.2131,0.4686,0.0,0.0,0.0,0.0,0.0,1.0
0.0,0.0,0.0,0.0,0.0,0.0,0.0,0.0,0.0,0.0,0.0,0.0,0.0,0.1098,0.3938,0.0796,0.3112,0.0537,0.6159,0.1441,0.2262,0.0,0.0,0.0,0.0,0.0,1.0
0.0,0.0,0.0,0.0,0.0,0.0,0.0,0.0,0.0,0.0,0.0,0.0,0.0,0.5528,0.1496,0.5545,0.8709,0.2062,0.908,0.9161,0.9856,0.0,0.0,0.0,0.0,0.0,1.0
0.0,0.0,0.0,0.0,0.0,0.0,0.0,0.0,0.0,0.0,0.0,0.0,0.0,0.864,0.6875,0.733,0.4848,0.1366,0.2763,0.5455,0.6934,0.0,0.0,0.0,0.0,0.0,1.0
0.0,0.0,0.0,0.0,0.0,0.0,0.0,0.0,0.0,0.0,0.0,0.0,0.0,0.8487,0.7874,0.1676,0.715,0.4646,0.5764,0.6801,0.5259,0.0,0.0,0.0,0.0,0.0,1.0
0.0,0.0,0.0,0.0,0.0,0.0,0.0,0.0,0.0,0.0,0.0,0.0,0.0,0.3389,0.5447,0.1963,0.1212,0.7147,0.1465,0.305,0.1058,0.0,0.0,0.0,0.0,0.0,1.0
0.0,0.0,0.0,0.0,0.0,0.0,0.0,0.0,0.0,0.0,0.0,0.0,0.0,0.5276,0.1737,0.011,0.681,0.5645,0.7295,0.8723,0.7601,0.0,0.0,0.0,0.0,0.0,1.0
0.0,0.0,0.0,0.0,0.0,0.0,0.0,0.0,0.0,0.0,0.0,0.0,0.0,0.1501,0.8208,0.9804,0.1709,0.3163,0.8172,0.6545,0.3015,0.0,0.0,0.0,0.0,0.0,1.0
