0.0,0.0,0.16,0.1303,0.0,0.0,0.0,0.0,0.0,0.0,0.0,0.0,0.0,0.6088,0.0249,0.6728,0.8318,0.4792,0.0608,0.5557,0.6574,0.0,1.0,0.0,0.0,0.0,1.0
0.0,0.0,0.0,0.0,0.5415,0.4704,0.0,0.0,0.0,0.0,0.0,0.0,0.0,0.2046,0.3803,0.2355,0.5859,0.6187,0.4675,0.3636,0.662,0.0,0.0,1.0,0.0,0.0,1.0
0.3004,0.7365,0.0,0.0,0.0,0.0,0.0,0.0,0.0,0.0,0.0,0.0,0.0,0.1133,0.929,0.3052,0.7334,0.2131,0.572,0.3475,0.1911,1.0,0.0,0.0,0.0,0.0,1.0
0.0,0.0,0.0,0.0,0.1638,0.7749,0.0,0.0,0.0,0.0,0.0,0.0,0.0,0.1358,0.691,0.0325,0.724,0.622,0.3305,0.6688,0.7193,0.0,0.0,1.0,0.0,0.0,1.0
0.9108,0.0126,0.0,0.0,0.0,0.0,0.0,0.0,0.0,0.0,0.0,0.0,0.0,0.4845,0.1997,0.2226,0.0973,0.3539,0.1177,0.6525,0.0738,1.0,0.0,0.0,0.0,0.0,1.0
0.0,0.0,0.0,0.0,0.0,0.0,0.0,0.0,0.0,0.0,0.4581,0.8712,0.8167,0.4093,0.8565,0.7946,0.1278,0.0551,0.4482,0.4109,0.5603,0.0,0.0,0.0,0.0,1.0,1.0
0.0,0.0,0.0,0.0,0.3888,0.1363,0.0,0.0,0.0,0.0,0.0,0.0,0.0,0.3004,0.0513,0.8649,0.159,0.9215,0.7259,0.1597,0.2988,0.0,0.0,1.0,0.0,0.0,1.0
0.0,0.0,0.0,0.0,0.0,0.0,0.0,0.0,0.0,0.0,0.1413,0.2839,0.4706,0.4984,0.8655,0.4636,0.2882,0.3934,0.2557,0.8898,0.4761,0.0,0.0,0.0,0.0,1.0,1.0
0.0,0.0,0.1888,0.6186,0.0,0.0,0.0,0.0,0.0,0.0,0.0,0.0,0.0,0.2683,0.1129,0.2724,0.0305,0.5914,0.7967,0.9679,0.7837,0.0,1.0,0.0,0.0,0.0,1.0
0.0,0.0,0.4025,0.565,0.0,0.0,0.0,0.0,0.0,0.0,0.0,0.0,0.0,0.5697,0.8864,0.4245,0.0388,0.4118,0.3378,0.1386,0.3424,0.0,1.0,0.0,0.0,0.0,1.0
0.0,0.0,0.255,0.0682,0.0,0.0,0.0,0.0,0.0,0.0,0.0,0.0,0.0,0.3022,0.2767,0.5251,0.9834,0.102,0.5943,0.0602,0.5449,0.0,1.0,0.0,0.0,0.0,1.0
0.1984,0.0789,0.0,0.0,0.0,0.0,0.0,0.0,0.0,0.0,0.0,0.0,0.0,0.0969,0.6564,0.8373,0.2206,0.1776,0.1062,0.2551,0.5021,1.0,0.0,0.0,0.0,0.0,1.0
0.0,0.0,0.0,0.0,0.2095,0.9795,0.0,0.0,0.0,0.0,0.0,0.0,0.0,0.3574,0.226,0.6837,0.1865,0.6629,0.236,0.1367,0.7199,0.0,0.0,1.0,0.0,0.0,1.0
0.7156,0.3732,0.0,0.0,0.0,0.0,0.0,0.0,0.0,0.0,0.0,0.0,0.0,0.4541,0.1355,0.3734,0.4711,0.6442,0.5338,0.285,0.6949,1.0,0.0,0.0,0.0,0.0,1.0
0.0,0.0,0.0,0.0,0.0,0.0,0.0,0.0,0.0,0.0,0.0,0.0,0.0,0.1523,0.319,0.0724,0.1405,0.8036,0.9727,0.426,0.6773,0.0,0.0,0.0,0.0,0.0,1.0
0.0,0.0,0.0,0.0,0.0,0.0,0.0,0.0,0.0,0.0,0.4738,0.9903,0.6245,0.9038,0.9234,0.0273,0.7336,0.0697,0.5856,0.3284,0.8219,0.0,0.0,0.0,0.0,1.0,1.0
0.0,0.0,0.0397,0.6613,0.0,0.0,0.0,0.0,0.0,0.0,0.0,0.0,0.0,0.532,0.8256,0.9554,0.3893,0.7094,0.424,0.8182,0.8642,0.0,1.0,0.0,0.0,0.0,1.0
0.0,0.0,0.4466,0.2251,0.0,0.0,0.0,0.0,0.0,0.0,0.0,0.0,0.0,0.058,0.0189,0.2338,0.4647,0.639,0.5191,0.9923,0.377,0.0,1.0,0.0,0.0,0.0,1.0
0.0,0.0,0.3863,0.7233,0.0,0.0,0.0,0.0,0.0,0.0,0.0,0.0,0.0,0.8797,0.5164,0.872,0.4639,0.8643,0.7005,0.5792,0.772,0.0,1.0,0.0,0.0,0.0,1.0
0.0,0.0,0.0,0.0,0.0,0.0,0.0,0.0,0.0,0.0,0.0,0.0,0.0,0.1282,0.8883,0.0061,0.2213,0.1474,0.6083,0.7963,0.2007,0.0,0.0,0.0,0.0,0.0,1.0
0.0,0.0,0.0,0.0,0.0,0.0,0.0,0.0,0.0,0.0,0.0,0.0,0.0,0.6717,0.2652,0.6474,0.1003,0.9629,0.5159,0.3516,0.6898,0.0,0.0,0.0,0.0,0.0,1.0
0.0,0.0,0.1674,0.5625,0.0,0.0,0.0,0.0,0.0,0.0,0.0,0.0,0.0,0.5332,0.2775,0.1844,0.4182,0.4163,0.5011,0.4125,0.8257,0.0,1.0,0.0,0.0,0.0,1.0
0.0,0.0,0.3453,0.1352,0.0,0.0,0.0,0.0,0.0,0.0,0.0,0.0,0.0,0.1595,0.2259,0.3602,0.8293,0.2922,0.7896,0.5536,0.3211,0.0,1.0,0.0,0.0,0.0,1.0
0.0,0.0,0.5057,0.3479,0.0,0.0,0.0,0.0,0.0,0.0,0.0,0.0,0.0,0.2834,0.3835,0.1996,0.0698,0.9498,0.4656,0.1068,0.8677,0.0,1.0,0.0,0.0,0.0,1.0
0.0,0.0,0.7315,0.7891,0.0,0.0,0.0,0.0,0.0,0.0,0.0,0.0,0.0,0.0221,0.1795,0.3605,0.5488,0.1979,0.2496,0.8302,0.0318,0.0,1.0,0.0,0.0,0.0,1.0
0.0,0.0,0.0,0.0,0.0,0.0,0.7485,0.7639,0.4991,0.6385,0.0,0.0,0.0,0.7864,0.0405,0.1753,0.7681,0.0238,0.2907,0.0011,0.3268,0.0,0.0,0.0,1.0,0.0,1.0
0.2976,0.3347,0.0,0.0,0.0,0.0,0.0,0.0,0.0,0.0,0.0,0.0,0.0,0.9929,0.1958,0.6309,0.6538,0.5704,0.9555,0.3792,0.6958,1.0,0.0,0.0,0.0,0.0,1.0
0.0,0.0,0.639,0.4318,0.0,0.0,0.0,0.0,0.0,0.0,0.0,0.0,0.0,0.2796,0.4888,0.1172,0.2256,0.7689,0.8065,0.7727,0.1623,0.0,1.0,0.0,0.0,0.0,1.0
0.2609,0.8464,0.0,0.0,0.0,0.0,0.0,0.0,0.0,0.0,0.0,0.0,0.0,0.8974,0.4795,0.9554,0.7453,0.3766,0.4642,0.1779,0.6351,1.0,0.0,0.0,0.0,0.0,1.0
0.0,0.0,0.0,0.0,0.0,0.0,0.0,0.0,0.0,0.0,0.3297,0.5109,0.2072,0.2086,0.9321,0.9147,0.5702,0.5297,0.68,0.1942,0.7209,0.0,0.0,0.0,0.0,1.0,1.0
0.0,0.0,0.0,0.0,0.0,0.0,0.2678,0.8955,0.0615,0.5474,0.0,0.0,0.0,0.4779,0.7836,0.8348,0.9898,0.8425,0.4619,0.7977,0.1735,0.0,0.0,0.0,1.0,0.0,1.0
0.0,0.0,0.0,0.0,0.0,0.0,0.4454,0.2025,0.7668,0.0349,0.0,0.0,0.0,0.4377,0.7459,0.3353,0.2822,0.3863,0.2479,0.1583,0.7724,0.0,0.0,0.0,1.0,0.0,1.0
0.0,0.0,0.4812,0.7051,0.0,0.0,0.0,0.0,0.0,0.0,0.0,0.0,0.0,0.8851,0.8221,0.763,0.2827,0.284,0.2981,0.8822,0.1611,0.0,1.0,0.0,0.0,0.0,1.0
0.0,0.0,0.0,0.0,0.0,0.0,0.0,0.0,0.0,0.0,0.6315,0.0255,0.3468,0.2155,0.8171,0.3067,0.8292,0.3501,0.2428,0.4297,0.7695,0.0,0.0,0.0,0.0,1.0,1.0
0.8358,0.1566,0.0,0.0,0.0,0.0,0.0,0.0,0.0,0.0,0.0,0.0,0.0,0.5566,0.2783,0.2652,0.7097,0.2969,0.1209,0.7053,0.5457,1.0,0.0,0.0,0.0,0.0,1.0
0.0,0.0,0.0,0.0,0.0,0.0,0.0,0.0,0.0,0.0,0.0,0.0,0.0,0.6989,0.3879,0.3653,0.0888,0.458,0.2974,0.9618,0.7205,0.0,0.0,0.0,0.0,0.0,1.0
0.0,0.0,0.0,0.0,0.7684,0.768,0.0,0.0,0.0,0.0,0.0,0.0,0.0,0.691,0.3866,0.9119,0.7095,0.7131,0.4909,0.8772,0.9177,0.0,0.0,1.0,0.0,0.0,1.0
0.0,0.0,0.4288,0.685,0.0,0.0,0.0,0.0,0.0,0.0,0.0,0.0,0.0,0.1453,0.4922,0.2061,0.4168,0.6795,0.8034,0.2521,0.3604,0.0,1.0,0.0,0.0,0.0,1.0
0.0,0.0,0.0,0.0,0.4831,0.3143,0.0,0.0,0.0,0.0,0.0,0.0,0.0,0.3149,0.0168,0.5744,0.4402,0.7636,0.7607,0.6944,0.9752,0.0,0.0,1.0,0.0,0.0,1.0
0.7872,0.7381,0.0,0.0,0.0,0.0,0.0,0.0,0.0,0.0,0.0,0.0,0.0,0.2823,0.9013,0.9531,0.795,0.5056,0.3592,0.6654,0.6348,1.0,0.0,0.0,0.0,0.0,1.0
0.9718,0.5151,0.0,0.0,0.0,0.0,0.0,0.0,0.0,0.0,0.0,0.0,0.0,0.1667,0.2209,0.4725,0.6016,0.4838,0.9029,0.7806,0.4215,1.0,0.0,0.0,0.0,0.0,1.0
0.0,0.0,0.0,0.0,0.0,0.0,0.0877,0.2294,0.5576,0.2553,0.0,0.0,0.0,0.1613,0.4441,0.44,0.6884,0.7079,0.5734,0.4241,0.6027,0.0,0.0,0.0,1.0,0.0,1.0
0.2563,0.8926,0.0,0.0,0.0,0.0,0.0,0.0,0.0,0.0,0.0,0.0,0.0,0.3244,0.8098,0.7315,0.7281,0.069,0.1452,0.0118,0.8236,1.0,0.0,0.0,0.0,0.0,1.0
0.0,0.0,0.0,0.0,0.3232,0.0624,0.0,0.0,0.0,0.0,0.0,0.0,0.0,0.9146,0.4531,0.0837,0.5843,0.4326,0.4426,0.2541,0.6673,0.0,0.0,1.0,0.0,0.0,1.0
0.0,0.0,0.0,0.0,0.0,0.0,0.0,0.0,0.0,0.0,0.0,0.0,0.0,0.4195,0.3894,0.7154,0.0698,0.0846,0.2618,0.9768,0.2431,0.0,0.0,0.0,0.0,0.0,1.0
0.0,0.0,0.0,0.0,0.0,0.0,0.0,0.0,0.0,0.0,0.4726,0.9976,0.4719,0.9087,0.7635,0.5559,0.9028,0.8568,0.5105,0.6779,0.7132,0.0,0.0,0.0,0.0,1.0,1.0
0.0,0.0,0.0,0.0,0.383,0.6859,0.0,0.0,0.0,0.0,0.0,0.0,0.0,0.1587,0.8815,0.3798,0.3904,0.132,0.6035,0.4256,0.0961,0.0,0.0,1.0,0.0,0.0,1.0
0.0,0.0,0.0,0.0,0.0,0.0,0.7131,0.2042,0.4157,0.298,0.0,0.0,0.0,0.3411,0.7674,0.9655,0.9384,0.18,0.1829,0.6926,0.278,0.0,0.0,0.0,1.0,0.0,1.0
0.0,0.0,0.0,0.0,0.0,0.0,0.0,0.0,0.0,0.0,0.0,0.0,0.0,0.2234,0.0178,0.5047,0.3717,0.1972,0.6771,0.4391,0.2104,0.0,0.0,0.0,0.0,0.0,1.0
0.0,0.0,0.0,0.0,0.0,0.0,0.775,0.5063,0.3959,0.3627,0.0,0.0,0.0,0.5284,0.2881,0.9301,0.2475,0.6538,0.0117,0.2768,0.5275,0.0,0.0,0.0,1.0,0.0,1.0
0.0,0.0,0.0,0.0,0.0,0.0,0.0,0.0,0.0,0.0,0.0,0.0,0.0,0.2525,0.4314,0.302,0.7447,0.3415,0.2348,0.2481,0.469,0.0,0.0,0.0,0.0,0.0,1.0
0.0,0.0,0.0,0.0,0.0,0.0,0.0,0.0,0.0,0.0,0.0,0.0,0.0,0.2564,0.2376,0.9815,0.515,0.4406,0.2466,0.0498,0.245,0.0,0.0,0.0,0.0,0.0,1.0
0.0,0.0,0.7367,0.7879,0.0,0.0,0.0,0.0,0.0,0.0,0.0,0.0,0.0,0.0034,0.2715,0.7645,0.211,0.3759,0.4706,0.7551,0.988,0.0,1.0,0.0,0.0,0.0,1.0
0.0,0.0,0.644,0.3266,0.0,0.0,0.0,0.0,0.0,0.0,0.0,0.0,0.0,0.3951,0.5327,0.0714,0.9209,0.2916,0.7597,0.7428,0.1783,0.0,1.0,0.0,0.0,0.0,1.0
0.0,0.0,0.0,0.0,0.0,0.0,0.0,0.0,0.0,0.0,0.5158,0.1059,0.0631,0.5172,0.7726,0.8814,0.8336,0.3997,0.1259,0.5165,0.3871,0.0,0.0,0.0,0.0,1.0,1.0
0.0,0.0,0.0,0.0,0.0,0.0,0.0,0.0,0.0,0.0,0.0,0.0,0.0,0.1218,0.4775,0.5657,0.0241,0.6452,0.5732,0.0076,0.9905,0.0,0.0,0.0,0.0,0.0,1.0
0.0,0.0,0.0,0.0,0.0,0.0,0.0,0.0,0.0,0.0,0.3267,0.3177,0.3347,0.2174,0.3638,0.4548,0.1129,0.1521,0.518,0.7447,0.0726,0.0,0.0,0.0,0.0,1.0,1.0
0.0,0.0,0.1294,0.3689,0.0,0.0,0.0,0.0,0.0,0.0,0.0,0.0,0.0,0.0513,0.4834,0.5948,0.411,0.083,0.5698,0.9838,0.2905,0.0,1.0,0.0,0.0,0.0,1.0
0.0,0.0,0.0,0.0,0.0,0.0,0.262,0.3206,0.3182,0.8308,0.0,0.0,0.0,0.0765,0.8476,0.9153,0.2027,0.8203,0.926,0.9403,0.2095,0.0,0.0,0.0,1.0,0.0,1.0
0.0,0.0,0.9747,0.2515,0.0,0.0,0.0,0.0,0.0,0.0,0.0,0.0,0.0,0.9306,0.9042,0.1352,0.583,0.9562,0.5805,0.3286,0.1804,0.0,1.0,0.0,0.0,0.0,1.0
0.0,0.0,0.0,0.0,0.0,0.0,0.5117,0.1117,0.5057,0.3645,0.0,0.0,0.0,0.248,0.5773,0.1932,0.8873,0.6772,0.4644,0.6783,0.1338,0.0,0.0,0.0,1.0,0.0,1.0
0.0,0.0,0.0,0.0,0.0,0.0,0.0,0.0,0.0,0.0,0.9296,0.2372,0.5034,0.9627,0.6746,0.5159,0.2313,0.5215,0.5768,0.2852,0.6668,0.0,0.0,0.0,0.0,1.0,1.0
0.0,0.0,0.0,0.0,0.0,0.0,0.0,0.0,0.0,0.0,0.0,0.0,0.0,0.5083,0.4411,0.7473,0.2911,0.8659,0.7988,0.4137,0.5042,0.0,0.0,0.0,0.0,0.0,1.0
0.0,0.0,0.7018,0.0088,0.0,0.0,0.0,0.0,0.0,0.0,0.0,0.0,0.0,0.0314,0.3595,0.0047,0.2401,0.7996,0.2114,0.7583,0.1882,0.0,1.0,0.0,0.0,0.0,1.0
0.0,0.0,0.0,0.0,0.0,0.0,0.957,0.8256,0.1793,0.7972,0.0,0.0,0.0,0.5044,0.9872,0.3314,0.39,0.301,0.5335,0.0169,0.4537,0.0,0.0,0.0,1.0,0.0,1.0
0.0,0.0,0.0,0.0,0.0,0.0,0.9676,0.2538,0.6472,0.4155,0.0,0.0,0.0,0.1122,0.6364,0.9624,0.6007,0.711,0.2232,0.7657,0.6367,0.0,0.0,0.0,1.0,0.0,1.0
0.503,0.2421,0.0,0.0,0.0,0.0,0.0,0.0,0.0,0.0,0.0,0.0,0.0,0.3808,0.61,0.9164,0.7412,0.34,0.8137,0.2663,0.926,1.0,0.0,0.0,0.0,0.0,1.0
0.1709,0.5783,0.0,0.0,0.0,0.0,0.0,0.0,0.0,0.0,0.0,0.0,0.0,0.501,0.192,0.0457,0.0355,0.5711,0.5262,0.1377,0.3688,1.0,0.0,0.0,0.0,0.0,1.0
0.0,0.0,0.0,0.0,0.0,0.0,0.0,0.0,0.0,0.0,0.4577,0.2294,0.4065,0.1623,0.5857,0.7882,0.2247,0.5757,0.296,0.8524,0.3482,0.0,0.0,0.0,0.0,1.0,1.0
0.806,0.4544,0.0,0.0,0.0,0.0,0.0,0.0,0.0,0.0,0.0,0.0,0.0,0.3845,0.4531,0.5458,0.4286,0.6739,0.881,0.5223,0.8292,1.0,0.0,0.0,0.0,0.0,1.0
0.0,0.0,0.0,0.0,0.647,0.7316,0.0,0.0,0.0,0.0,0.0,0.0,0.0,0.179,0.7723,0.6668,0.963,0.5237,0.1124,0.6357,0.7561,0.0,0.0,1.0,0.0,0.0,1.0
0.5334,0.5505,0.0,0.0,0.0,0.0,0.0,0.0,0.0,0.0,0.0,0.0,0.0,0.3251,0.0744,0.7886,0.8987,0.2679,0.8549,0.3853,0.4567,1.0,0.0,0.0,0.0,0.0,1.0
0.0,0.0,0.0,0.0,0.0,0.0,0.0,0.0,0.0,0.0,0.9135,0.7029,0.6772,0.4605,0.6529,0.9977,0.419,0.2736,0.4835,0.6396,0.4746,0.0,0.0,0.0,0.0,1.0,1.0
0.4565,0.3391,0.0,0.0,0.0,0.0,0.0,0.0,0.0,0.0,0.0,0.0,0.0,0.6626,0.6057,0.6551,0.7502,0.1679,0.2976,0.014,0.2237,1.0,0.0,0.0,0.0,0.0,1.0
0.0,0.0,0.1553,0.2368,0.0,0.0,0.0,0.0,0.0,0.0,0.0,0.0,0.0,0.1945,0.6046,0.1372,0.8287,0.6134,0.8334,0.1573,0.5137,0.0,1.0,0.0,0.0,0.0,1.0
0.0,0.0,0.0,0.0,0.0,0.0,0.0,0.0,0.0,0.0,0.0,0.0,0.0,0.107,0.5617,0.1954,0.3165,0.6553,0.4379,0.4141,0.0055,0.0,0.0,0.0,0.0,0.0,1.0
0.0,0.0,0.0,0.0,0.0986,0.5754,0.0,0.0,0.0,0.0,0.0,0.0,0.0,0.4347,0.1813,0.0386,0.614,0.6664,0.311,0.1683,0.6047,0.0,0.0,1.0,0.0,0.0,1.0
0.9567,0.5877,0.0,0.0,0.0,0.0,0.0,0.0,0.0,0.0,0.0,0.0,0.0,0.7427,0.9085,0.1345,0.2028,0.508,0.8946,0.1217,0.8082,1.0,0.0,0.0,0.0,0.0,1.0
0.0,0.0,0.0,0.0,0.9839,0.7625,0.0,0.0,0.0,0.0,0.0,0.0,0.0,0.2127,0.2463,0.2285,0.0241,0.3548,0.4948,0.2557,0.8623,0.0,0.0,1.0,0.0,0.0,1.0
0.0,0.0,0.0,0.0,0.0,0.0,0.0,0.0,0.0,0.0,0.0,0.0,0.0,0.7657,0.053,0.0092,0.9004,0.7216,0.2792,0.7649,0.2555,0.0,0.0,0.0,0.0,0.0,1.0
0.0,0.0,0.0,0.0,0.0,0.0,0.692,0.9533,0.3396,0.0277,0.0,0.0,0.0,0.2319,0.285,0.4083,0.1943,0.2989,0.0299,0.5497,0.0985,0.0,0.0,0.0,1.0,0.0,1.0
0.2873,0.3668,0.0,0.0,0.0,0.0,0.0,0.0,0.0,0.0,0.0,0.0,0.0,0.7028,0.4192,0.569,0.278,0.1692,0.9883,0.1296,0.3831,1.0,0.0,0.0,0.0,0.0,1.0
0.0,0.0,0.0922,0.206,0.0,0.0,0.0,0.0,0.0,0.0,0.0,0.0,0.0,0.9906,0.3281,0.8163,0.5003,0.8088,0.1578,0.1628,0.955,0.0,1.0,0.0,0.0,0.0,1.0
0.0,0.0,0.0,0.0,0.0,0.0,0.0,0.0,0.0,0.0,0.0123,0.7017,0.0885,0.028,0.1823,0.9222,0.5266,0.9103,0.7386,0.7016,0.1418,0.0,0.0,0.0,0.0,1.0,1.0
0.0,0.0,0.0,0.0,0.0,0.0,0.0,0.0,0.0,0.0,0.0,0.0,0.0,0.7619,0.1748,0.2173,0.1066,0.8562,0.4783,0.3524,0.792,0.0,0.0,0.0,0.0,0.0,1.0
0.0,0.0,0.0,0.0,0.0,0.0,0.0,0.0,0.0,0.0,0.7718,0.23,0.0424,0.7195,0.1087,0.867,0.0184,0.2577,0.5641,0.7301,0.9014,0.0,0.0,0.0,0.0,1.0,1.0
0.0,0.0,0.0,0.0,0.0,0.0,0.0615,0.6684,0.7155,0.7237,0.0,0.0,0.0,0.3601,0.8206,0.1639,0.8451,0.4872,0.7917,0.8683,0.234,0.0,0.0,0.0,1.0,0.0,1.0
0.0,0.0,0.0,0.0,0.0,0.0,0.0026,0.1862,0.2535,0.4478,0.0,0.0,0.0,0.523,0.4736,0.6656,0.851,0.9407,0.5439,0.1147,0.361,0.0,0.0,0.0,1.0,0.0,1.0
0.0,0.0,0.0,0.0,0.0,0.0,0.0,0.0,0.0,0.0,0.0,0.0,0.0,0.3584,0.8409,0.1338,0.5971,0.2567,0.1328,0.6725,0.2623,0.0,0.0,0.0,0.0,0.0,1.0
0.0,0.0,0.0,0.0,0.0,0.0,0.0,0.0,0.0,0.0,0.0,0.0,0.0,0.6943,0.8515,0.0639,0.1748,0.1296,0.9305,0.3299,0.5954,0.0,0.0,0.0,0.0,0.0,1.0
0.0,0.0,0.481,0.8989,0.0,0.0,0.0,0.0,0.0,0.0,0.0,0.0,0.0,0.9312,0.1081,0.7094,0.4551,0.0995,0.3382,0.671,0.7689,0.0,1.0,0.0,0.0,0.0,1.0
0.0,0.0,0.9437,0.3715,0.0,0.0,0.0,0.0,0.0,0.0,0.0,0.0,0.0,0.7353,0.1211,0.3364,0.726,0.8379,0.1705,0.1853,0.4632,0.0,1.0,0.0,0.0,0.0,1.0
0.0,0.0,0.0,0.0,0.897,0.6031,0.0,0.0,0.0,0.0,0.0,0.0,0.0,0.1407,0.3129,0.4534,0.7591,0.8967,0.3412,0.6635,0.4098,0.0,0.0,1.0,0.0,0.0,1.0
0.4899,0.7125,0.0,0.0,0.0,0.0,0.0,0.0,0.0,0.0,0.0,0.0,0.0,0.3095,0.8198,0.3872,0.448,0.5317,0.8401,0.2653,0.8489,1.0,0.0,0.0,0.0,0.0,1.0
0.0,0.0,0.0,0.0,0.8558,0.939,0.0,0.0,0.0,0.0,0.0,0.0,0.0,0.9794,0.5171,0.2886,0.7915,0.0412,0.3179,0.5998,0.9007,0.0,0.0,1.0,0.0,0.0,1.0
0.0,0.0,0.0,0.0,0.0,0.0,0.0,0.0,0.0,0.0,0.555,0.9802,0.5041,0.9433,0.5446,0.1979,0.5105,0.6184,0.8923,0.491,0.7927,0.0,0.0,0.0,0.0,1.0,1.0
0.0,0.0,0.7203,0.5116,0.0,0.0,0.0,0.0,0.0,0.0,0.0,0.0,0.0,0.3274,0.8396,0.0821,0.421,0.8257,0.1355,0.7481,0.9879,0.0,1.0,0.0,0.0,0.0,1.0
0.0,0.0,0.0,0.0,0.3719,0.387,0.0,0.0,0.0,0.0,0.0,0.0,0.0,0.8608,0.2236,0.0255,0.3124,0.3315,0.4964,0.9675,0.1836,0.0,0.0,1.0,0.0,0.0,1.0
0.0,0.0,0.0,0.0,0.0,0.0,0.0,0.0,0.0,0.0,0.1228,0.9968,0.0815,0.8515,0.8791,0.9613,0.8611,0.2392,0.3642,0.7048,0.7269,0.0,0.0,0.0,0.0,1.0,1.0
0.5207,0.3658,0.0,0.0,0.0,0.0,0.0,0.0,0.0,0.0,0.0,0.0,0.0,0.7019,0.3857,0.3353,0.7467,0.9093,0.6409,0.6694,0.7063,1.0,0.0,0.0,0.0,0.0,1.0
0.0,0.0,0.0,0.0,0.0,0.0,0.0,0.0,0.0,0.0,0.6765,0.7967,0.151,0.1619,0.8997,0.8021,0.3573,0.0998,0.9207,0.8615,0.1677,0.0,0.0,0.0,0.0,1.0,1.0
0.0,0.0,0.2269,0.7031,0.0,0.0,0.0,0.0,0.0,0.0,0.0,0.0,0.0,0.3061,0.1521,0.2551,0.2074,0.9498,0.9306,0.7685,0.394,0.0,1.0,0.0,0.0,0.0,1.0
0.0,0.0,0.0,0.0,0.0,0.0,0.0,0.0,0.0,0.0,0.0,0.0,0.0,0.8979,0.4122,0.6445,0.6623,0.7952,0.506,0.2056,0.8776,0.0,0.0,0.0,0.0,0.0,1.0
0.6732,0.9543,0.0,0.0,0.0,0.0,0.0,0.0,0.0,0.0,0.0,0.0,0.0,0.3549,0.8064,0.144,0.1175,0.8845,0.4436,0.0942,0.2992,1.0,0.0,0.0,0.0,0.0,1.0
0.0,0.0,0.0,0.0,0.0,0.0,0.2043,0.6224,0.1093,0.8028,0.0,0.0,0.0,0.562,0.9242,0.2595,0.0445,0.4871,0.346,0.101,0.9746,0.0,0.0,0.0,1.0,0.0,1.0
0.0,0.0,0.0,0.0,0.8167,0.5373,0.0,0.0,0.0,0.0,0.0,0.0,0.0,0.5832,0.086,0.3709,0.763,0.1046,0.9666,0.5817,0.8597,0.0,0.0,1.0,0.0,0.0,1.0
0.3467,0.6458,0.0,0.0,0.0,0.0,0.0,0.0,0.0,0.0,0.0,0.0,0.0,0.3168,0.0847,0.3658,0.3029,0.1218,0.0734,0.8296,0.3603,1.0,0.0,0.0,0.0,0.0,1.0
0.0,0.0,0.0,0.0,0.6438,0.3791,0.0,0.0,0.0,0.0,0.0,0.0,0.0,0.8496,0.7038,0.5244,0.3279,0.3105,0.2388,0.4322,0.1063,0.0,0.0,1.0,0.0,0.0,1.0
0.0,0.0,0.0,0.0,0.3446,0.1556,0.0,0.0,0.0,0.0,0.0,0.0,0.0,0.3202,0.514,0.0033,0.2167,0.3358,0.8027,0.2521,0.5292,0.0,0.0,1.0,0.0,0.0,1.0
0.0,0.0,0.3079,0.2753,0.0,0.0,0.0,0.0,0.0,0.0,0.0,0.0,0.0,0.2573,0.6285,0.2822,0.8283,0.9625,0.2914,0.8961,0.995,0.0,1.0,0.0,0.0,0.0,1.0
0.0,0.0,0.0,0.0,0.0,0.0,0.1519,0.8967,0.3056,0.889,0.0,0.0,0.0,0.379,0.8666,0.7454,0.0376,0.2769,0.3913,0.0442,0.6883,0.0,0.0,0.0,1.0,0.0,1.0
0.0,0.0,0.3681,0.9873,0.0,0.0,0.0,0.0,0.0,0.0,0.0,0.0,0.0,0.3295,0.1509,0.3265,0.07,0.3529,0.4628,0.4448,0.1925,0.0,1.0,0.0,0.0,0.0,1.0
0.5085,0.3665,0.0,0.0,0.0,0.0,0.0,0.0,0.0,0.0,0.0,0.0,0.0,0.5835,0.5067,0.445,0.3131,0.5213,0.2784,0.4598,0.5654,1.0,0.0,0.0,0.0,0.0,1.0
0.0,0.0,0.0,0.0,0.0,0.0,0.0,0.0,0.0,0.0,0.0,0.0,0.0,0.5895,0.6266,0.0825,0.7766,0.6166,0.8824,0.874,0.1012,0.0,0.0,0.0,0.0,0.0,1.0
0.0,0.0,0.0,0.0,0.0,0.0,0.0,0.0,0.0,0.0,0.0,0.0,0.0,0.2678,0.8831,0.1423,0.9081,0.617,0.0308,0.0801,0.5752,0.0,0.0,0.0,0.0,0.0,1.0
0.0,0.0,0.7571,0.2917,0.0,0.0,0.0,0.0,0.0,0.0,0.0,0.0,0.0,0.5576,0.1495,0.231,0.8275,0.768,0.3244,0.0626,0.7836,0.0,1.0,0.0,0.0,0.0,1.0
0.5698,0.4916,0.0,0.0,0.0,0.0,0.0,0.0,0.0,0.0,0.0,0.0,0.0,0.1871,0.508,0.6122,0.5344,0.851,0.6474,0.9935,0.8594,1.0,0.0,0.0,0.0,0.0,1.0
0.0,0.0,0.0,0.0,0.0,0.0,0.0,0.0,0.0,0.0,0.3941,0.0904,0.3003,0.0884,0.0037,0.1948,0.7643,0.9036,0.0483,0.9852,0.2397,0.0,0.0,0.0,0.0,1.0,1.0
0.0,0.0,0.0,0.0,0.0,0.0,0.0,0.0,0.0,0.0,0.0,0.0,0.0,0.0854,0.2604,0.6303,0.2594,0.0719,0.3857,0.5629,0.784,0.0,0.0,0.0,0.0,0.0,1.0
0.0,0.0,0.0,0.0,0.9279,0.2948,0.0,0.0,0.0,0.0,0.0,0.0,0.0,0.067,0.637,0.0804,0.5765,0.8054,0.5854,0.4644,0.0386,0.0,0.0,1.0,0.0,0.0,1.0
0.0311,0.0599,0.0,0.0,0.0,0.0,0.0,0.0,0.0,0.0,0.0,0.0,0.0,0.4791,0.3517,0.2528,0.0843,0.7156,0.143,0.0094,0.0553,1.0,0.0,0.0,0.0,0.0,1.0
0.0,0.0,0.0,0.0,0.0,0.0,0.0,0.0,0.0,0.0,0.7269,0.4265,0.1066,0.8226,0.7299,0.7822,0.9726,0.3473,0.4305,0.6091,0.9986,0.0,0.0,0.0,0.0,1.0,1.0
0.0,0.0,0.9178,0.6115,0.0,0.0,0.0,0.0,0.0,0.0,0.0,0.0,0.0,0.6172,0.4315,0.8066,0.5316,0.5587,0.047,0.631,0.6143,0.0,1.0,0.0,0.0,0.0,1.0
0.0,0.0,0.0,0.0,0.0,0.0,0.4874,0.0675,0.3818,0.0918,0.0,0.0,0.0,0.4764,0.5167,0.7461,0.3173,0.7445,0.4797,0.862,0.3024,0.0,0.0,0.0,1.0,0.0,1.0
0.0,0.0,0.0,0.0,0.249,0.4263,0.0,0.0,0.0,0.0,0.0,0.0,0.0,0.9204,0.9429,0.7437,0.7363,0.8272,0.6075,0.0678,0.72,0.0,0.0,1.0,0.0,0.0,1.0
0.0,0.0,0.0708,0.2859,0.0,0.0,0.0,0.0,0.0,0.0,0.0,0.0,0.0,0.6412,0.1307,0.4519,0.3286,0.5034,0.1635,0.1467,0.8196,0.0,1.0,0.0,0.0,0.0,1.0
0.0,0.0,0.0,0.0,0.0,0.0,0.0,0.0,0.0,0.0,0.0,0.0,0.0,0.591,0.043,0.8467,0.6101,0.918,0.4673,0.3528,0.9176,0.0,0.0,0.0,0.0,0.0,1.0
0.0,0.0,0.0,0.0,0.0,0.0,0.0,0.0,0.0,0.0,0.8194,0.8775,0.1081,0.648,0.5169,0.481,0.0028,0.9567,0.3304,0.2759,0.61,0.0,0.0,0.0,0.0,1.0,1.0
0.0,0.0,0.0,0.0,0.0814,0.2165,0.0,0.0,0.0,0.0,0.0,0.0,0.0,0.2906,0.6397,0.2708,0.9829,0.5413,0.599,0.7595,0.7724,0.0,0.0,1.0,0.0,0.0,1.0
0.0,0.0,0.0,0.0,0.0,0.0,0.2356,0.1012,0.9968,0.3217,0.0,0.0,0.0,0.6806,0.8185,0.9733,0.6576,0.5805,0.5967,0.3293,0.3699,0.0,0.0,0.0,1.0,0.0,1.0
0.0,0.0,0.8229,0.6377,0.0,0.0,0.0,0.0,0.0,0.0,0.0,0.0,0.0,0.7689,0.8178,0.9893,0.8575,0.3805,0.1982,0.2306,0.4815,0.0,1.0,0.0,0.0,0.0,1.0
0.0,0.0,0.0,0.0,0.0,0.0,0.9709,0.1973,0.677,0.8679,0.0,0.0,0.0,0.3598,0.853,0.0659,0.0575,0.703,0.4658,0.0527,0.6763,0.0,0.0,0.0,1.0,0.0,1.0
0.0,0.0,0.0,0.0,0.0,0.0,0.0,0.0,0.0,0.0,0.0,0.0,0.0,0.6715,0.3282,0.3542,0.0583,0.0027,0.3281,0.2213,0.5393,0.0,0.0,0.0,0.0,0.0,1.0
0.0,0.0,0.1874,0.8471,0.0,0.0,0.0,0.0,0.0,0.0,0.0,0.0,0.0,0.3981,0.6777,0.4552,0.1568,0.1544,0.4328,0.7462,0.4156,0.0,1.0,0.0,0.0,0.0,1.0
0.0,0.0,0.0,0.0,0.0,0.0,0.1801,0.1858,0.8079,0.607,0.0,0.0,0.0,0.204,0.7288,0.5666,0.2627,0.0489,0.6134,0.486,0.3947,0.0,0.0,0.0,1.0,0.0,1.0
0.0,0.0,0.0,0.0,0.1505,0.4052,0.0,0.0,0.0,0.0,0.0,0.0,0.0,0.2137,0.0431,0.9002,0.4731,0.5742,0.5478,0.276,0.573,0.0,0.0,1.0,0.0,0.0,1.0
0.0,0.0,0.5658,0.292,0.0,0.0,0.0,0.0,0.0,0.0,0.0,0.0,0.0,0.5472,0.5472,0.5927,0.3498,0.99,0.5746,0.7202,0.4153,0.0,1.0,0.0,0.0,0.0,1.0
0.0,0.0,0.0,0.0,0.0,0.0,0.0,0.0,0.0,0.0,0.0,0.0,0.0,0.1486,0.9944,0.466,0.6486,0.0422,0.1162,0.1677,0.579,0.0,0.0,0.0,0.0,0.0,1.0
0.0,0.0,0.0,0.0,0.0,0.0,0.0,0.0,0.0,0.0,0.0,0.0,0.0,0.7045,0.3891,0.3723,0.5841,0.5052,0.3702,0.9844,0.5578,0.0,0.0,0.0,0.0,0.0,1.0
0.0,0.0,0.0,0.0,0.0,0.0,0.0,0.0,0.0,0.0,0.0,0.0,0.0,0.4407,0.7585,0.6595,0.2846,0.1852,0.9525,0.2457,0.5876,0.0,0.0,0.0,0.0,0.0,1.0
0.0,0.0,0.0,0.0,0.0,0.0,0.0,0.0,0.0,0.0,0.1611,0.2579,0.5648,0.3096,0.6506,0.9361,0.8367,0.168,0.0712,0.3692,0.1435,0.0,0.0,0.0,0.0,1.0,1.0
0.0,0.0,0.0,0.0,0.0,0.0,0.7398,0.9101,0.0093,0.9308,0.0,0.0,0.0,0.8758,0.3561,0.3743,0.3933,0.1849,0.922,0.2489,0.6428,0.0,0.0,0.0,1.0,0.0,1.0
0.0,0.0,0.0,0.0,0.0,0.0,0.5353,0.1897,0.6918,0.456,0.0,0.0,0.0,0.5178,0.1011,0.6701,0.2384,0.3187,0.517,0.5791,0.7273,0.0,0.0,0.0,1.0,0.0,1.0
0.0,0.0,0.0,0.0,0.0,0.0,0.0,0.0,0.0,0.0,0.0101,0.9896,0.909,0.5189,0.1142,0.2927,0.079,0.4501,0.3912,0.5694,0.6124,0.0,0.0,0.0,0.0,1.0,1.0
0.0,0.0,0.5718,0.0683,0.0,0.0,0.0,0.0,0.0,0.0,0.0,0.0,0.0,0.6854,0.4056,0.5364,0.9694,0.3111,0.0069,0.8451,0.7645,0.0,1.0,0.0,0.0,0.0,1.0
0.0,0.0,0.1186,0.1805,0.0,0.0,0.0,0.0,0.0,0.0,0.0,0.0,0.0,0.0813,0.1368,0.3854,0.9344,0.3856,0.5849,0.6108,0.1073,0.0,1.0,0.0,0.0,0.0,1.0
0.0,0.0,0.2296,0.9431,0.0,0.0,0.0,0.0,0.0,0.0,0.0,0.0,0.0,0.8689,0.8603,0.4169,0.2557,0.8345,0.5562,0.2685,0.8971,0.0,1.0,0.0,0.0,0.0,1.0
0.1457,0.0582,0.0,0.0,0.0,0.0,0.0,0.0,0.0,0.0,0.0,0.0,0.0,0.8188,0.8447,0.0446,0.3066,0.1963,0.4121,0.0549,0.7545,1.0,0.0,0.0,0.0,0.0,1.0
0.0676,0.6427,0.0,0.0,0.0,0.0,0.0,0.0,0.0,0.0,0.0,0.0,0.0,0.022,0.6895,0.7539,0.0147,0.1871,0.1647,0.0668,0.801,1.0,0.0,0.0,0.0,0.0,1.0
0.0,0.0,0.0,0.0,0.0,0.0,0.0,0.0,0.0,0.0,0.0,0.0,0.0,0.5809,0.5737,0.1847,0.5619,0.2598,0.7156,0.0858,0.5365,0.0,0.0,0.0,0.0,0.0,1.0
0.9026,0.617,0.0,0.0,0.0,0.0,0.0,0.0,0.0,0.0,0.0,0.0,0.0,0.3811,0.375,0.9185,0.9223,0.4931,0.8459,0.8778,0.0443,1.0,0.0,0.0,0.0,0.0,1.0
0.0,0.0,0.0,0.0,0.0,0.0,0.6452,0.9109,0.1087,0.9879,0.0,0.0,0.0,0.0585,0.0043,0.1534,0.6661,0.452,0.7242,0.2906,0.4421,0.0,0.0,0.0,1.0,0.0,1.0
0.0,0.0,0.0,0.0,0.0,0.0,0.897,0.369,0.374,0.3839,0.0,0.0,0.0,0.2571,0.1802,0.7192,0.0753,0.3821,0.5492,0.8855,0.5881,0.0,0.0,0.0,1.0,0.0,1.0
0.0,0.0,0.0,0.0,0.0,0.0,0.0,0.0,0.0,0.0,0.0,0.0,0.0,0.0561,0.1091,0.7889,0.5429,0.013,0.5726,0.1172,0.7513,0.0,0.0,0.0,0.0,0.0,1.0
0.0,0.0,0.4922,0.0026,0.0,0.0,0.0,0.0,0.0,0.0,0.0,0.0,0.0,0.3592,0.4842,0.2304,0.1387,0.0636,0.1465,0.9556,0.3477,0.0,1.0,0.0,0.0,0.0,1.0
0.1474,0.8397,0.0,0.0,0.0,0.0,0.0,0.0,0.0,0.0,0.0,0.0,0.0,0.4702,0.8044,0.4541,0.5236,0.3248,0.8937,0.8857,0.5805,1.0,0.0,0.0,0.0,0.0,1.0
0.7767,0.3538,0.0,0.0,0.0,0.0,0.0,0.0,0.0,0.0,0.0,0.0,0.0,0.9909,0.7558,0.488,0.6565,0.1345,0.8992,0.2569,0.8999,1.0,0.0,0.0,0.0,0.0,1.0
0.0,0.0,0.0,0.0,0.1656,0.2275,0.0,0.0,0.0,0.0,0.0,0.0,0.0,0.1439,0.3803,0.0431,0.277,0.7952,0.6896,0.4321,0.5986,0.0,0.0,1.0,0.0,0.0,1.0
0.0,0.0,0.0,0.0,0.0,0.0,0.0,0.0,0.0,0.0,0.0,0.0,0.0,0.0973,0.5354,0.095,0.2888,0.6787,0.394,0.3405,0.9665,0.0,0.0,0.0,0.0,0.0,1.0
0.0,0.0,0.0,0.0,0.0,0.0,0.0,0.0,0.0,0.0,0.4363,0.8202,0.3316,0.6073,0.4423,0.6545,0.9171,0.8944,0.3457,0.8092,0.6723,0.0,0.0,0.0,0.0,1.0,1.0
0.0,0.0,0.0,0.0,0.1371,0.9951,0.0,0.0,0.0,0.0,0.0,0.0,0.0,0.386,0.2949,0.9645,0.1003,0.7426,0.6511,0.4285,0.0146,0.0,0.0,1.0,0.0,0.0,1.0
0.0,0.0,0.0,0.0,0.0,0.0,0.0,0.0,0.0,0.0,0.0,0.0,0.0,0.5828,0.1391,0.7908,0.276,0.7559,0.8037,0.6909,0.2186,0.0,0.0,0.0,0.0,0.0,1.0
0.0,0.0,0.756,0.811,0.0,0.0,0.0,0.0,0.0,0.0,0.0,0.0,0.0,0.2638,0.3257,0.9836,0.9865,0.5748,0.0138,0.9853,0.4018,0.0,1.0,0.0,0.0,0.0,1.0
0.0,0.0,0.8578,0.2867,0.0,0.0,0.0,0.0,0.0,0.0,0.0,0.0,0.0,0.0827,0.96,0.6127,0.5953,0.4534,0.1873,0.7707,0.2977,0.0,1.0,0.0,0.0,0.0,1.0
0.0,0.0,0.0,0.0,0.5738,0.7962,0.0,0.0,0.0,0.0,0.0,0.0,0.0,0.5004,0.9098,0.9411,0.9502,0.3807,0.5932,0.114,0.8592,0.0,0.0,1.0,0.0,0.0,1.0
0.2516,0.2291,0.0,0.0,0.0,0.0,0.0,0.0,0.0,0.0,0.0,0.0,0.0,0.3926,0.9461,0.7728,0.8714,0.709,0.2649,0.8203,0.5688,1.0,0.0,0.0,0.0,0.0,1.0
0.2771,0.3388,0.0,0.0,0.0,0.0,0.0,0.0,0.0,0.0,0.0,0.0,0.0,0.5125,0.4479,0.3617,0.4997,0.8361,0.94,0.6135,0.8554,1.0,0.0,0.0,0.0,0.0,1.0
0.0,0.0,0.0,0.0,0.6915,0.7546,0.0,0.0,0.0,0.0,0.0,0.0,0.0,0.074,0.3877,0.3504,0.9647,0.0927,0.3089,0.1829,0.8769,0.0,0.0,1.0,0.0,0.0,1.0
0.0,0.0,0.0,0.0,0.0,0.0,0.9871,0.725,0.7289,0.0472,0.0,0.0,0.0,0.2045,0.7546,0.8201,0.0843,0.5604,0.5646,0.3782,0.3721,0.0,0.0,0.0,1.0,0.0,1.0
0.0,0.0,0.0,0.0,0.0,0.0,0.0,0.0,0.0,0.0,0.0,0.0,0.0,0.9447,0.106,0.9341,0.2983,0.3748,0.3201,0.0117,0.601,0.0,0.0,0.0,0.0,0.0,1.0
0.8266,0.4014,0.0,0.0,0.0,0.0,0.0,0.0,0.0,0.0,0.0,0.0,0.0,0.1971,0.9434,0.4135,0.0322,0.4387,0.6997,0.3156,0.0588,1.0,0.0,0.0,0.0,0.0,1.0
0.0,0.0,0.0,0.0,0.0,0.0,0.0,0.0,0.0,0.0,0.0,0.0,0.0,0.0071,0.2712,0.7688,0.835,0.511,0.3657,0.1291,0.514,0.0,0.0,0.0,0.0,0.0,1.0
0.0,0.0,0.0,0.0,0.4634,0.4372,0.0,0.0,0.0,0.0,0.0,0.0,0.0,0.4802,0.597,0.6146,0.8886,0.3679,0.1045,0.2864,0.6929,0.0,0.0,1.0,0.0,0.0,1.0
0.0,0.0,0.0,0.0,0.0,0.0,0.0,0.0,0.0,0.0,0.0,0.0,0.0,0.1405,0.6523,0.9407,0.1205,0.2656,0.6606,0.106,0.1415,0.0,0.0,0.0,0.0,0.0,1.0
0.5227,0.4871,0.0,0.0,0.0,0.0,0.0,0.0,0.0,0.0,0.0,0.0,0.0,0.5481,0.2741,0.0511,0.7543,0.7423,0.3465,0.6691,0.044,1.0,0.0,0.0,0.0,0.0,1.0
0.0,0.0,0.0,0.0,0.0,0.0,0.0,0.0,0.0,0.0,0.0,0.0,0.0,0.7163,0.1617,0.1404,0.6739,0.7294,0.1766,0.8641,0.7911,0.0,0.0,0.0,0.0,0.0,1.0
0.0,0.0,0.416,0.0544,0.0,0.0,0.0,0.0,0.0,0.0,0.0,0.0,0.0,0.1613,0.9759,0.1843,0.7578,0.0123,0.1235,0.3467,0.0107,0.0,1.0,0.0,0.0,0.0,1.0
0.0,0.0,0.0,0.0,0.0,0.0,0.4074,0.8382,0.7795,0.1565,0.0,0.0,0.0,0.2744,0.7471,0.151,0.539,0.7058,0.0676,0.5567,0.5593,0.0,0.0,0.0,1.0,0.0,1.0
0.3665,0.289,0.0,0.0,0.0,0.0,0.0,0.0,0.0,0.0,0.0,0.0,0.0,0.4686,0.8158,0.4398,0.5757,0.9373,0.8535,0.9166,0.9735,1.0,0.0,0.0,0.0,0.0,1.0
0.0,0.0,0.0,0.0,0.2004,0.5816,0.0,0.0,0.0,0.0,0.0,0.0,0.0,0.0462,0.5517,0.3348,0.0219,0.6528,0.8645,0.5648,0.5226,0.0,0.0,1.0,0.0,0.0,1.0
0.0,0.0,0.0,0.0,0.0,0.0,0.0,0.0,0.0,0.0,0.6041,0.944,0.2108,0.513,0.8249,0.1336,0.9012,0.5437,0.5703,0.4935,0.0702,0.0,0.0,0.0,0.0,1.0,1.0
0.0537,0.5681,0.0,0.0,0.0,0.0,0.0,0.0,0.0,0.0,0.0,0.0,0.0,0.0513,0.7515,0.2833,0.2436,0.5443,0.2226,0.5547,0.6954,1.0,0.0,0.0,0.0,0.0,1.0
0.0,0.0,0.0,0.0,0.0,0.0,0.9454,0.1141,0.8153,0.6324,0.0,0.0,0.0,0.3781,0.5256,0.6559,0.3614,0.0756,0.6011,0.6738,0.3618,0.0,0.0,0.0,1.0,0.0,1.0
0.0,0.0,0.3343,0.858,0.0,0.0,0.0,0.0,0.0,0.0,0.0,0.0,0.0,0.8642,0.2317,0.748,0.6333,0.4329,0.5089,0.623,0.5046,0.0,1.0,0.0,0.0,0.0,1.0
0.0,0.0,0.0,0.0,0.8759,0.9591,0.0,0.0,0.0,0.0,0.0,0.0,0.0,0.9468,0.964,0.1286,0.9522,0.3319,0.8624,0.8328,0.6596,0.0,0.0,1.0,0.0,0.0,1.0
0.0,0.0,0.0,0.0,0.0,0.0,0.0,0.0,0.0,0.0,0.4506,0.3414,0.3114,0.8251,0.7782,0.1328,0.5659,0.8294,0.5887,0.8403,0.5312,0.0,0.0,0.0,0.0,1.0,1.0
0.0,0.0,0.0,0.0,0.0,0.0,0.9351,0.0531,0.1153,0.4683,0.0,0.0,0.0,0.2291,0.6607,0.1104,0.0596,0.4379,0.4221,0.3157,0.9644,0.0,0.0,0.0,1.0,0.0,1.0
0.0,0.0,0.0,0.0,0.3095,0.9046,0.0,0.0,0.0,0.0,0.0,0.0,0.0,0.0066,0.1585,0.0824,0.6188,0.1662,0.3922,0.3114,0.8981,0.0,0.0,1.0,0.0,0.0,1.0
0.0,0.0,0.0,0.0,0.496,0.5097,0.0,0.0,0.0,0.0,0.0,0.0,0.0,0.9615,0.0394,0.0208,0.5048,0.8592,0.2055,0.1981,0.3892,0.0,0.0,1.0,0.0,0.0,1.0
0.6146,0.084,0.0,0.0,0.0,0.0,0.0,0.0,0.0,0.0,0.0,0.0,0.0,0.4094,0.4842,0.6729,0.245,0.1078,0.5455,0.1957,0.3587,1.0,0.0,0.0,0.0,0.0,1.0
0.7907,0.1712,0.0,0.0,0.0,0.0,0.0,0.0,0.0,0.0,0.0,0.0,0.0,0.8475,0.7453,0.9795,0.025,0.1165,0.2914,0.8966,0.0362,1.0,0.0,0.0,0.0,0.0,1.0
0.0,0.0,0.0,0.0,0.0,0.0,0.0,0.0,0.0,0.0,0.0,0.0,0.0,0.3503,0.832,0.1214,0.5355,0.1109,0.3411,0.8971,0.0289,0.0,0.0,0.0,0.0,0.0,1.0
0.0,0.0,0.0,0.0,0.5088,0.3967,0.0,0.0,0.0,0.0,0.0,0.0,0.0,0.7509,0.4866,0.5898,0.4198,0.3125,0.8803,0.9413,0.9942,0.0,0.0,1.0,0.0,0.0,1.0
0.9068,0.8832,0.0,0.0,0.0,0.0,0.0,0.0,0.0,0.0,0.0,0.0,0.0,0.643,0.6955,0.8877,0.0824,0.4676,0.0275,0.4203,0.7332,1.0,0.0,0.0,0.0,0.0,1.0
0.0,0.0,0.0,0.0,0.0,0.0,0.0,0.0,0.0,0.0,0.0,0.0,0.0,0.928,0.4936,0.9122,0.642,0.4768,0.5075,0.7115,0.4904,0.0,0.0,0.0,0.0,0.0,1.0
0.0,0.0,0.0,0.0,0.0,0.0,0.0,0.0,0.0,0.0,0.0,0.0,0.0,0.7092,0.3873,0.3054,0.9201,0.6073,0.3011,0.9577,0.8304,0.0,0.0,0.0,0.0,0.0,1.0
0.0,0.0,0.0,0.0,0.0,0.0,0.0,0.0,0.0,0.0,0.809,0.2789,0.9792,0.4409,0.1832,0.5036,0.8652,0.175,0.2849,0.6004,0.9778,0.0,0.0,0.0,0.0,1.0,1.0
0.0,0.0,0.0,0.0,0.0,0.0,0.0,0.0,0.0,0.0,0.0,0.0,0.0,0.963,0.4247,0.66,0.3342,0.4748,0.2442,0.7898,0.883,0.0,0.0,0.0,0.0,0.0,1.0
0.1655,0.3839,0.0,0.0,0.0,0.0,0.0,0.0,0.0,0.0,0.0,0.0,0.0,0.0495,0.9372,0.9538,0.9115,0.755,0.9352,0.457,0.4678,1.0,0.0,0.0,0.0,0.0,1.0
0.0,0.0,0.736,0.041,0.0,0.0,0.0,0.0,0.0,0.0,0.0,0.0,0.0,0.5172,0.2175,0.1553,0.6842,0.7699,0.5801,0.149,0.3161,0.0,1.0,0.0,0.0,0.0,1.0
0.0,0.0,0.0,0.0,0.0,0.0,0.0,0.0,0.0,0.0,0.8051,0.6752,0.9898,0.3678,0.8694,0.679,0.9956,0.4615,0.226,0.7941,0.4833,0.0,0.0,0.0,0.0,1.0,1.0
0.0,0.0,0.0,0.0,0.0,0.0,0.8784,0.5027,0.3638,0.1806,0.0,0.0,0.0,0.1861,0.4516,0.4328,0.7722,0.8101,0.8776,0.426,0.24,0.0,0.0,0.0,1.0,0.0,1.0
0.0,0.0,0.0,0.0,0.0,0.0,0.0,0.0,0.0,0.0,0.8096,0.6893,0.3346,0.8447,0.5137,0.3792,0.7422,0.007,0.6962,0.0257,0.6192,0.0,0.0,0.0,0.0,1.0,1.0
0.0,0.0,0.0,0.0,0.0,0.0,0.0,0.0,0.0,0.0,0.2143,0.3785,0.7998,0.4668,0.9436,0.7003,0.4865,0.8979,0.2154,0.6339,0.5401,0.0,0.0,0.0,0.0,1.0,1.0
0.0,0.0,0.0,0.0,0.0,0.0,0.6391,0.1603,0.0254,0.5561,0.0,0.0,0.0,0.9831,0.424,0.3429,0.8326,0.8833,0.605,0.3143,0.206,0.0,0.0,0.0,1.0,0.0,1.0
0.0,0.0,0.0,0.0,0.0,0.0,0.7134,0.129,0.8846,0.0865,0.0,0.0,0.0,0.4435,0.1601,0.997,0.1859,0.908,0.6008,0.1352,0.7132,0.0,0.0,0.0,1.0,0.0,1.0
0.0,0.0,0.0,0.0,0.186,0.3569,0.0,0.0,0.0,0.0,0.0,0.0,0.0,0.8948,0.9824,0.9492,0.4313,0.9082,0.7723,0.1783,0.7678,0.0,0.0,1.0,0.0,0.0,1.0
0.5515,0.1595,0.0,0.0,0.0,0.0,0.0,0.0,0.0,0.0,0.0,0.0,0.0,0.6913,0.8944,0.6447,0.0714,0.0217,0.2007,0.3765,0.7734,1.0,0.0,0.0,0.0,0.0,1.0
0.0,0.0,0.0,0.0,0.0,0.0,0.7527,0.2772,0.7722,0.8055,0.0,0.0,0.0,0.7431,0.4397,0.7873,0.3812,0.542,0.2291,0.7243,0.3785,0.0,0.0,0.0,1.0,0.0,1.0
0.0,0.0,0.3414,0.8236,0.0,0.0,0.0,0.0,0.0,0.0,0.0,0.0,0.0,0.1581,0.8626,0.9014,0.3183,0.8437,0.4086,0.3836,0.1037,0.0,1.0,0.0,0.0,0.0,1.0
0.0,0.0,0.0,0.0,0.0,0.0,0.6496,0.9079,0.7343,0.2394,0.0,0.0,0.0,0.6541,0.8395,0.7587,0.2499,0.8619,0.1514,0.2699,0.3586,0.0,0.0,0.0,1.0,0.0,1.0
0.0,0.0,0.0,0.0,0.6976,0.0089,0.0,0.0,0.0,0.0,0.0,0.0,0.0,0.3761,0.2884,0.1704,0.4226,0.9588,0.1314,0.5486,0.4302,0.0,0.0,1.0,0.0,0.0,1.0
0.0,0.0,0.0,0.0,0.2476,0.3175,0.0,0.0,0.0,0.0,0.0,0.0,0.0,0.4379,0.7279,0.912,0.356,0.2194,0.6779,0.2067,0.4284,0.0,0.0,1.0,0.0,0.0,1.0
0.0,0.0,0.0,0.0,0.0,0.0,0.0,0.0,0.0,0.0,0.0,0.0,0.0,0.4737,0.1909,0.7667,0.8206,0.7749,0.5807,0.3044,0.1952,0.0,0.0,0.0,0.0,0.0,1.0
0.0,0.0,0.0,0.0,0.0,0.0,0.0,0.0,0.0,0.0,0.0,0.0,0.0,0.9289,0.5044,0.2492,0.2107,0.842,0.9527,0.5828,0.195,0.0,0.0,0.0,0.0,0.0,1.0
0.0,0.0,0.0,0.0,0.0,0.0,0.0,0.0,0.0,0.0,0.901,0.0894,0.6692,0.8967,0.5373,0.8847,0.5355,0.6596,0.9458,0.1071,0.7604,0.0,0.0,0.0,0.0,1.0,1.0
0.0,0.0,0.6432,0.2645,0.0,0.0,0.0,0.0,0.0,0.0,0.0,0.0,0.0,0.8631,0.93,0.1679,0.6058,0.3505,0.6407,0.7085,0.0946,0.0,1.0,0.0,0.0,0.0,1.0
0.0,0.0,0.0,0.0,0.1353,0.4068,0.0,0.0,0.0,0.0,0.0,0.0,0.0,0.8925,0.9582,0.527,0.2917,0.1262,0.267,0.1884,0.5043,0.0,0.0,1.0,0.0,0.0,1.0
0.0,0.0,0.0,0.0,0.2509,0.8655,0.0,0.0,0.0,0.0,0.0,0.0,0.0,0.7984,0.2905,0.57,0.6275,0.7575,0.9175,0.4322,0.8917,0.0,0.0,1.0,0.0,0.0,1.0
0.0,0.0,0.7447,0.1096,0.0,0.0,0.0,0.0,0.0,0.0,0.0,0.0,0.0,0.545,0.4837,0.3583,0.9462,0.2511,0.3118,0.7301,0.7258,0.0,1.0,0.0,0.0,0.0,1.0
0.0,0.0,0.889,0.129,0.0,0.0,0.0,0.0,0.0,0.0,0.0,0.0,0.0,0.121,0.4745,0.4967,0.2775,0.1656,0.7651,0.1976,0.3483,0.0,1.0,0.0,0.0,0.0,1.0
0.0,0.0,0.0,0.0,0.0,0.0,0.128,0.7313,0.9068,0.3239,0.0,0.0,0.0,0.1773,0.5344,0.2607,0.0483,0.4882,0.3335,0.7013,0.5656,0.0,0.0,0.0,1.0,0.0,1.0
0.0,0.0,0.0,0.0,0.0,0.0,0.0,0.0,0.0,0.0,0.0,0.0,0.0,0.707,0.9812,0.4383,0.4702,0.695,0.7684,0.5518,0.9713,0.0,0.0,0.0,0.0,0.0,1.0
0.0,0.0,0.0,0.0,0.8875,0.9854,0.0,0.0,0.0,0.0,0.0,0.0,0.0,0.3742,0.4623,0.5131,0.996,0.0906,0.9724,0.5373,0.9405,0.0,0.0,1.0,0.0,0.0,1.0
0.0,0.0,0.0,0.0,0.0,0.0,0.0745,0.9108,0.0189,0.8031,0.0,0.0,0.0,0.7126,0.864,0.498,0.4521,0.9914,0.4043,0.8783,0.8234,0.0,0.0,0.0,1.0,0.0,1.0
0.6596,0.2471,0.0,0.0,0.0,0.0,0.0,0.0,0.0,0.0,0.0,0.0,0.0,0.7362,0.4349,0.1256,0.796,0.8655,0.5379,0.3079,0.6757,1.0,0.0,0.0,0.0,0.0,1.0
0.0,0.0,0.977,0.3414,0.0,0.0,0.0,0.0,0.0,0.0,0.0,0.0,0.0,0.2208,0.6373,0.6202,0.5062,0.008,0.0825,0.469,0.3243,0.0,1.0,0.0,0.0,0.0,1.0
0.237,0.768,0.0,0.0,0.0,0.0,0.0,0.0,0.0,0.0,0.0,0.0,0.0,0.687,0.5774,0.8943,0.6162,0.5365,0.1752,0.5928,0.9274,1.0,0.0,0.0,0.0,0.0,1.0
0.0,0.0,0.0,0.0,0.6427,0.0426,0.0,0.0,0.0,0.0,0.0,0.0,0.0,0.8357,0.279,0.9014,0.6131,0.1761,0.3258,0.4054,0.8115,0.0,0.0,1.0,0.0,0.0,1.0
0.0,0.0,0.0,0.0,0.5816,0.897,0.0,0.0,0.0,0.0,0.0,0.0,0.0,0.0359,0.8162,0.1976,0.3945,0.1727,0.5463,0.3693,0.633,0.0,0.0,1.0,0.0,0.0,1.0
0.0,0.0,0.0,0.0,0.0,0.0,0.0,0.0,0.0,0.0,0.0,0.0,0.0,0.4978,0.079,0.8548,0.9151,0.5411,0.1975,0.9516,0.8734,0.0,0.0,0.0,0.0,0.0,1.0
0.0,0.0,0.7828,0.8123,0.0,0.0,0.0,0.0,0.0,0.0,0.0,0.0,0.0,0.2387,0.9404,0.0927,0.8143,0.3536,0.7934,0.0137,0.9355,0.0,1.0,0.0,0.0,0.0,1.0
0.0,0.0,0.0,0.0,0.0,0.0,0.0,0.0,0.0,0.0,0.9175,0.9772,0.995,0.9244,0.9886,0.6686,0.4419,0.3179,0.8505,0.0378,0.9058,0.0,0.0,0.0,0.0,1.0,1.0
0.706,0.0059,0.0,0.0,0.0,0.0,0.0,0.0,0.0,0.0,0.0,0.0,0.0,0.8508,0.497,0.4302,0.9597,0.0273,0.5419,0.5352,0.1115,1.0,0.0,0.0,0.0,0.0,1.0
0.0,0.0,0.0,0.0,0.0,0.0,0.0,0.0,0.0,0.0,0.3808,0.5798,0.3667,0.4031,0.0551,0.1904,0.6322,0.2665,0.5445,0.0489,0.4767,0.0,0.0,0.0,0.0,1.0,1.0
0.0,0.0,0.0,0.0,0.0,0.0,0.0,0.0,0.0,0.0,0.1568,0.7728,0.2062,0.064,0.4018,0.1675,0.8277,0.079,0.2859,0.1745,0.1827,0.0,0.0,0.0,0.0,1.0,1.0
0.0,0.0,0.0,0.0,0.0,0.0,0.0,0.0,0.0,0.0,0.3901,0.3346,0.2567,0.9768,0.8652,0.1582,0.0754,0.3107,0.746,0.0954,0.2992,0.0,0.0,0.0,0.0,1.0,1.0
0.0,0.0,0.5284,0.6569,0.0,0.0,0.0,0.0,0.0,0.0,0.0,0.0,0.0,0.6297,0.0629,0.0315,0.8444,0.3138,0.7142,0.0887,0.154,0.0,1.0,0.0,0.0,0.0,1.0
0.0,0.0,0.8609,0.3254,0.0,0.0,0.0,0.0,0.0,0.0,0.0,0.0,0.0,0.651,0.6858,0.6064,0.3105,0.9346,0.1558,0.9813,0.8325,0.0,1.0,0.0,0.0,0.0,1.0
0.9341,0.7551,0.0,0.0,0.0,0.0,0.0,0.0,0.0,0.0,0.0,0.0,0.0,0.8911,0.6712,0.3185,0.0688,0.9693,0.2131,0.5651,0.2414,1.0,0.0,0.0,0.0,0.0,1.0
0.0,0.0,0.0,0.0,0.0,0.0,0.1431,0.1144,0.4122,0.4372,0.0,0.0,0.0,0.9727,0.6371,0.2983,0.161,0.7299,0.5781,0.5503,0.8563,0.0,0.0,0.0,1.0,0.0,1.0
0.0,0.0,0.0,0.0,0.7132,0.4274,0.0,0.0,0.0,0.0,0.0,0.0,0.0,0.3832,0.6719,0.1463,0.779,0.7917,0.4717,0.7595,0.3261,0.0,0.0,1.0,0.0,0.0,1.0
0.0,0.0,0.0,0.0,0.0,0.0,0.0,0.0,0.0,0.0,0.0,0.0,0.0,0.3237,0.982,0.148,0.1916,0.5288,0.0925,0.2576,0.4299,0.0,0.0,0.0,0.0,0.0,1.0
0.0,0.0,0.0,0.0,0.0,0.0,0.0,0.0,0.0,0.0,0.0,0.0,0.0,0.5462,0.6199,0.3348,0.3176,0.1346,0.7776,0.0579,0.8456,0.0,0.0,0.0,0.0,0.0,1.0
0.0,0.0,0.0,0.0,0.0,0.0,0.0,0.0,0.0,0.0,0.0,0.0,0.0,0.3713,0.2523,0.5512,0.92,0.988,0.0588,0.4778,0.7456,0.0,0.0,0.0,0.0,0.0,1.0
0.0,0.0,0.0,0.0,0.6935,0.4842,0.0,0.0,0.0,0.0,0.0,0.0,0.0,0.2651,0.671,0.7699,0.9582,0.7941,0.0793,0.2239,0.589,0.0,0.0,1.0,0.0,0.0,1.0
0.0,0.0,0.0,0.0,0.0,0.0,0.0,0.0,0.0,0.0,0.3146,0.3651,0.2893,0.6859,0.0877,0.1912,0.14,0.3459,0.6255,0.2852,0.1117,0.0,0.0,0.0,0.0,1.0,1.0
0.9126,0.5551,0.0,0.0,0.0,0.0,0.0,0.0,0.0,0.0,0.0,0.0,0.0,0.3597,0.8712,0.8546,0.2834,0.895,0.3431,0.6965,0.7307,1.0,0.0,0.0,0.0,0.0,1.0
0.0,0.0,0.0,0.0,0.0,0.0,0.0,0.0,0.0,0.0,0.0,0.0,0.0,0.3772,0.4013,0.0774,0.8382,0.0003,0.9704,0.5489,0.6112,0.0,0.0,0.0,0.0,0.0,1.0
0.0,0.0,0.3188,0.7009,0.0,0.0,0.0,0.0,0.0,0.0,0.0,0.0,0.0,0.9449,0.4218,0.3941,0.107,0.8734,0.3006,0.5429,0.5434,0.0,1.0,0.0,0.0,0.0,1.0
0.0,0.0,0.0,0.0,0.0,0.0,0.0,0.0,0.0,0.0,0.7441,0.4837,0.0109,0.0592,0.5505,0.0114,0.835,0.9705,0.1499,0.5211,0.6153,0.0,0.0,0.0,0.0,1.0,1.0
0.0,0.0,0.0,0.0,0.0,0.0,0.0,0.0,0.0,0.0,0.4864,0.9598,0.2354,0.365,0.0146,0.9083,0.9405,0.6638,0.8245,0.7362,0.5118,0.0,0.0,0.0,0.0,1.0,1.0
0.9459,0.8427,0.0,0.0,0.0,0.0,0.0,0.0,0.0,0.0,0.0,0.0,0.0,0.003,0.5128,0.7517,0.7515,0.6395,0.6557,0.9697,0.3807,1.0,0.0,0.0,0.0,0.0,1.0
0.0,0.0,0.0,0.0,0.5109,0.3793,0.0,0.0,0.0,0.0,0.0,0.0,0.0,0.7162,0.8167,0.3121,0.3848,0.362,0.1958,0.6788,0.5102,0.0,0.0,1.0,0.0,0.0,1.0
0.0,0.0,0.0,0.0,0.0,0.0,0.0,0.0,0.0,0.0,0.0,0.0,0.0,0.5127,0.0073,0.8199,0.7764,0.388,0.6522,0.2245,0.5651,0.0,0.0,0.0,0.0,0.0,1.0
0.3488,0.6019,0.0,0.0,0.0,0.0,0.0,0.0,0.0,0.0,0.0,0.0,0.0,0.9816,0.348,0.6536,0.3981,0.6929,0.0394,0.1592,0.4218,1.0,0.0,0.0,0.0,0.0,1.0
0.0,0.0,0.0,0.0,0.0,0.0,0.0,0.0,0.0,0.0,0.4534,0.3955,0.5343,0.0597,0.1887,0.8558,0.6067,0.3937,0.0094,0.3522,0.8188,0.0,0.0,0.0,0.0,1.0,1.0
0.0,0.0,0.7644,0.0162,0.0,0.0,0.0,0.0,0.0,0.0,0.0,0.0,0.0,0.1488,0.635,0.6711,0.7247,0.132,0.2468,0.8869,0.9398,0.0,1.0,0.0,0.0,0.0,1.0
0.0,0.0,0.0,0.0,0.0,0.0,0.8271,0.4343,0.1707,0.3807,0.0,0.0,0.0,0.6152,0.8112,0.0035,0.0804,0.7878,0.2018,0.1348,0.1461,0.0,0.0,0.0,1.0,0.0,1.0
0.0,0.0,0.0,0.0,0.6339,0.6396,0.0,0.0,0.0,0.0,0.0,0.0,0.0,0.3808,0.5946,0.4747,0.8327,0.8448,0.8576,0.2099,0.9777,0.0,0.0,1.0,0.0,0.0,1.0
0.0,0.0,0.0,0.0,0.6887,0.8642,0.0,0.0,0.0,0.0,0.0,0.0,0.0,0.156,0.0903,0.526,0.9006,0.3099,0.6188,0.807,0.3126,0.0,0.0,1.0,0.0,0.0,1.0
0.0,0.0,0.0,0.0,0.8701,0.7996,0.0,0.0,0.0,0.0,0.0,0.0,0.0,0.4391,0.9182,0.2023,0.1563,0.827,0.3837,0.9407,0.2476,0.0,0.0,1.0,0.0,0.0,1.0
0.2414,0.0821,0.0,0.0,0.0,0.0,0.0,0.0,0.0,0.0,0.0,0.0,0.0,0.2621,0.1113,0.2021,0.6658,0.1173,0.5653,0.4475,0.57,1.0,0.0,0.0,0.0,0.0,1.0
0.0,0.0,0.0,0.0,0.0,0.0,0.9983,0.3404,0.2618,0.8123,0.0,0.0,0.0,0.4893,0.5711,0.8849,0.2347,0.6191,0.5647,0.6904,0.3768,0.0,0.0,0.0,1.0,0.0,1.0
0.0,0.0,0.2038,0.8138,0.0,0.0,0.0,0.0,0.0,0.0,0.0,0.0,0.0,0.7856,0.8385,0.5894,0.3672,0.7217,0.9268,0.6174,0.5481,0.0,1.0,0.0,0.0,0.0,1.0
0.0,0.0,0.0,0.0,0.3889,0.3101,0.0,0.0,0.0,0.0,0.0,0.0,0.0,0.3129,0.8712,0.9006,0.4828,0.7837,0.3214,0.8609,0.1138,0.0,0.0,1.0,0.0,0.0,1.0
0.0,0.0,0.0,0.0,0.0,0.0,0.9712,0.9919,0.3484,0.3288,0.0,0.0,0.0,0.2506,0.3962,0.6721,0.5411,0.0599,0.4135,0.9884,0.2801,0.0,0.0,0.0,1.0,0.0,1.0
0.0,0.0,0.9029,0.5654,0.0,0.0,0.0,0.0,0.0,0.0,0.0,0.0,0.0,0.4253,0.1705,0.9683,0.682,0.8445,0.448,0.5557,0.3964,0.0,1.0,0.0,0.0,0.0,1.0
0.5755,0.732,0.0,0.0,0.0,0.0,0.0,0.0,0.0,0.0,0.0,0.0,0.0,0.5165,0.4153,0.8412,0.8745,0.953,0.4561,0.4892,0.7426,1.0,0.0,0.0,0.0,0.0,1.0
0.8952,0.7493,0.0,0.0,0.0,0.0,0.0,0.0,0.0,0.0,0.0,0.0,0.0,0.0699,0.6804,0.3042,0.0314,0.3076,0.6202,0.8173,0.1498,1.0,0.0,0.0,0.0,0.0,1.0
0.0,0.0,0.0,0.0,0.0,0.0,0.0,0.0,0.0,0.0,0.0,0.0,0.0,0.5363,0.7633,0.1128,0.4203,0.8808,0.6875,0.5985,0.4087,0.0,0.0,0.0,0.0,0.0,1.0
0.0,0.0,0.0,0.0,0.641,0.3419,0.0,0.0,0.0,0.0,0.0,0.0,0.0,0.4814,0.755,0.8464,0.8245,0.5074,0.7997,0.1587,0.3312,0.0,0.0,1.0,0.0,0.0,1.0
0.0,0.0,0.0,0.0,0.2504,0.611,0.0,0.0,0.0,0.0,0.0,0.0,0.0,0.9521,0.1327,0.638,0.7714,0.1391,0.6436,0.221,0.8623,0.0,0.0,1.0,0.0,0.0,1.0
0.3827,0.409,0.0,0.0,0.0,0.0,0.0,0.0,0.0,0.0,0.0,0.0,0.0,0.128,0.0033,0.6941,0.2749,0.6286,0.3469,0.165,0.1346,1.0,0.0,0.0,0.0,0.0,1.0
0.0,0.0,0.0,0.0,0.1865,0.1325,0.0,0.0,0.0,0.0,0.0,0.0,0.0,0.3275,0.6204,0.5338,0.2121,0.83,0.7135,0.5523,0.4986,0.0,0.0,1.0,0.0,0.0,1.0
0.0,0.0,0.0,0.0,0.0,0.0,0.6427,0.5006,0.6669,0.9596,0.0,0.0,0.0,0.2382,0.1035,0.1661,0.1188,0.8801,0.8224,0.964,0.2218,0.0,0.0,0.0,1.0,0.0,1.0
0.0,0.0,0.0,0.0,0.0,0.0,0.0,0.0,0.0,0.0,0.5652,0.2334,0.3986,0.398,0.4691,0.5366,0.9134,0.0446,0.4113,0.1129,0.0983,0.0,0.0,0.0,0.0,1.0,1.0
0.0,0.0,0.0,0.0,0.0,0.0,0.9751,0.4676,0.5983,0.0322,0.0,0.0,0.0,0.5497,0.7159,0.5416,0.3091,0.146,0.7979,0.4425,0.7503,0.0,0.0,0.0,1.0,0.0,1.0
0.0,0.0,0.0,0.0,0.0,0.0,0.0,0.0,0.0,0.0,0.0,0.0,0.0,0.0116,0.2084,0.9836,0.5848,0.6187,0.0219,0.0566,0.024,0.0,0.0,0.0,0.0,0.0,1.0
0.0,0.0,0.0,0.0,0.0,0.0,0.0,0.0,0.0,0.0,0.9213,0.2856,0.0541,0.0929,0.8515,0.828,0.413,0.1897,0.2129,0.5455,0.6685,0.0,0.0,0.0,0.0,1.0,1.0
0.0,0.0,0.0,0.0,0.0,0.0,0.1624,0.8022,0.8916,0.2133,0.0,0.0,0.0,0.6825,0.9021,0.7297,0.3736,0.7838,0.2387,0.8118,0.8099,0.0,0.0,0.0,1.0,0.0,1.0
0.0,0.0,0.0,0.0,0.0,0.0,0.0,0.0,0.0,0.0,0.7461,0.3525,0.1036,0.1358,0.0181,0.3698,0.8882,0.5764,0.2187,0.2504,0.0856,0.0,0.0,0.0,0.0,1.0,1.0
0.0,0.0,0.0,0.0,0.0,0.0,0.6824,0.9895,0.4771,0.6527,0.0,0.0,0.0,0.2198,0.3029,0.5577,0.8799,0.554,0.7836,0.5947,0.1612,0.0,0.0,0.0,1.0,0.0,1.0
0.0,0.0,0.365,0.8678,0.0,0.0,0.0,0.0,0.0,0.0,0.0,0.0,0.0,0.7308,0.4837,0.4673,0.3936,0.5584,0.7516,0.8284,0.4733,0.0,1.0,0.0,0.0,0.0,1.0
0.0,0.0,0.0631,0.9777,0.0,0.0,0.0,0.0,0.0,0.0,0.0,0.0,0.0,0.0009,0.5952,0.6436,0.5233,0.0688,0.4628,0.6289,0.1188,0.0,1.0,0.0,0.0,0.0,1.0
0.0,0.0,0.0,0.0,0.7659,0.4095,0.0,0.0,0.0,0.0,0.0,0.0,0.0,0.6165,0.5981,0.4137,0.7754,0.0636,0.254,0.1987,0.6024,0.0,0.0,1.0,0.0,0.0,1.0
0.0,0.0,0.1672,0.6325,0.0,0.0,0.0,0.0,0.0,0.0,0.0,0.0,0.0,0.803,0.1407,0.9575,0.475,0.9506,0.1894,0.8201,0.8857,0.0,1.0,0.0,0.0,0.0,1.0
0.9943,0.6941,0.0,0.0,0.0,0.0,0.0,0.0,0.0,0.0,0.0,0.0,0.0,0.512,0.398,0.3555,0.2084,0.6232,0.3564,0.6869,0.3033,1.0,0.0,0.0,0.0,0.0,1.0
0.0,0.0,0.0,0.0,0.0,0.0,0.0,0.0,0.0,0.0,0.789,0.8965,0.0111,0.5556,0.6129,0.781,0.2665,0.434,0.1134,0.5264,0.0197,0.0,0.0,0.0,0.0,1.0,1.0
0.0,0.0,0.0,0.0,0.0,0.0,0.0,0.0,0.0,0.0,0.9969,0.253,0.7562,0.2241,0.1692,0.6289,0.6632,0.2401,0.7026,0.6509,0.8881,0.0,0.0,0.0,0.0,1.0,1.0
0.0,0.0,0.0,0.0,0.0,0.0,0.762,0.0503,0.8188,0.9418,0.0,0.0,0.0,0.0365,0.418,0.9971,0.5265,0.9902,0.4064,0.2897,0.5557,0.0,0.0,0.0,1.0,0.0,1.0
0.0,0.0,0.0,0.0,0.2263,0.3884,0.0,0.0,0.0,0.0,0.0,0.0,0.0,0.2016,0.369,0.2095,0.4776,0.3579,0.4294,0.4724,0.1381,0.0,0.0,1.0,0.0,0.0,1.0
0.0,0.0,0.0,0.0,0.0,0.0,0.0,0.0,0.0,0.0,0.4698,0.7454,0.9843,0.8269,0.5622,0.0164,0.9585,0.0063,0.903,0.7994,0.2971,0.0,0.0,0.0,0.0,1.0,1.0
0.0,0.0,0.0,0.0,0.0,0.0,0.0,0.0,0.0,0.0,0.3841,0.195,0.0376,0.7723,0.3929,0.3249,0.0191,0.7458,0.9757,0.2618,0.4261,0.0,0.0,0.0,0.0,1.0,1.0
0.0,0.0,0.0,0.0,0.0,0.0,0.0,0.0,0.0,0.0,0.0,0.0,0.0,0.6866,0.0949,0.0406,0.7211,0.1664,0.3127,0.5153,0.6745,0.0,0.0,0.0,0.0,0.0,1.0
0.0,0.0,0.0,0.0,0.0,0.0,0.0,0.0,0.0,0.0,0.0,0.0,0.0,0.2777,0.8209,0.6277,0.0365,0.536,0.5305,0.4273,0.7187,0.0,0.0,0.0,0.0,0.0,1.0
0.5714,0.757,0.0,0.0,0.0,0.0,0.0,0.0,0.0,0.0,0.0,0.0,0.0,0.033,0.9674,0.8662,0.0488,0.2416,0.9015,0.747,0.1101,1.0,0.0,0.0,0.0,0.0,1.0
0.0,0.0,0.0,0.0,0.0,0.0,0.0,0.0,0.0,0.0,0.0,0.0,0.0,0.3604,0.2411,0.9235,0.6588,0.4665,0.7914,0.1696,0.9079,0.0,0.0,0.0,0.0,0.0,1.0
0.0,0.0,0.0,0.0,0.0,0.0,0.0,0.0,0.0,0.0,0.0,0.0,0.0,0.7033,0.1593,0.0429,0.1181,0.0511,0.118,0.6867,0.2399,0.0,0.0,0.0,0.0,0.0,1.0
0.0,0.0,0.0,0.0,0.0,0.0,0.0,0.0,0.0,0.0,0.0,0.0,0.0,0.6987,0.5111,0.1656,0.6565,0.3168,0.0605,0.666,0.6151,0.0,0.0,0.0,0.0,0.0,1.0
